"Kod";"Nazwa";"wielorodzinne;2020;[ha]";"wielorodzinne;2021;[ha]";"wielorodzinne;2022;[ha]";"wielorodzinne - uzbrojone;2020;[ha]";"wielorodzinne - uzbrojone;2021;[ha]";"wielorodzinne - uzbrojone;2022;[ha]";
0000000;"POLSKA";5934,4;5902,8;6114,9;3560,1;3527,5;3576,5;
0200000;"DOLNOŚLĄSKIE";712,6;707,2;712,5;273,9;271,0;259,5;
0201000;"Powiat bolesławiecki";44,0;44,0;43,9;1,5;1,5;1,4;
0201011;"Bolesławiec (1)";43,2;43,2;43,1;1,2;1,2;1,1;
0201043;"Nowogrodziec (3)";0,5;0,5;0,5;0,0;0,0;0,0;
0201045;"Nowogrodziec - obszar wiejski (5)";0,5;0,5;0,5;0,0;0,0;0,0;
0201052;"Osiecznica (2)";0,3;0,3;0,3;0,3;0,3;0,3;
0202000;"Powiat dzierżoniowski";20,5;20,6;20,2;2,9;3,0;2,6;
0202011;"Bielawa (1)";13,5;13,5;13,1;1,5;1,5;1,1;
0202021;"Dzierżoniów (1)";2,7;2,7;2,7;0,0;0,0;0,0;
0202033;"Pieszyce (3)";0,5;0,6;0,6;0,5;0,6;0,6;
0202034;"Pieszyce - miasto (4)";0,5;0,6;0,6;0,5;0,6;0,6;
0202041;"Piława Górna (1)";0,9;0,9;0,9;0,9;0,9;0,9;
0202073;"Niemcza (3)";2,9;2,9;2,9;0,0;0,0;0,0;
0202074;"Niemcza - miasto (4)";2,9;2,9;2,9;0,0;0,0;0,0;
0203000;"Powiat głogowski";9,5;7,2;11,3;6,7;5,8;2,7;
0203011;"Głogów (1)";9,5;7,2;11,3;6,7;5,8;2,7;
0204000;"Powiat górowski";139,3;139,2;139,2;3,6;3,7;3,6;
0204013;"Góra (3)";135,7;135,6;135,6;0,0;0,1;0,0;
0204014;"Góra - miasto (4)";135,7;135,6;135,6;0,0;0,1;0,0;
0204022;"Jemielno (2)";2,5;2,5;2,5;2,5;2,5;2,5;
0204043;"Wąsosz (3)";1,1;1,1;1,1;1,1;1,1;1,1;
0204044;"Wąsosz - miasto (4)";0,8;0,8;0,8;0,8;0,8;0,8;
0204045;"Wąsosz - obszar wiejski (5)";0,3;0,3;0,3;0,3;0,3;0,3;
0205000;"Powiat jaworski";14,6;14,6;14,6;4,4;4,4;4,4;
0205011;"Jawor (1)";2,8;2,8;2,8;0,4;0,4;0,4;
0205023;"Bolków (3)";11,8;11,8;11,8;4,0;4,0;4,0;
0205024;"Bolków - miasto (4)";11,8;11,8;11,8;4,0;4,0;4,0;
0206000;"Powiat karkonoski";14,9;13,2;11,7;6,7;6,6;6,6;
0206021;"Kowary (1)";3,7;2,2;1,2;0,2;0,1;0,1;
0206031;"Piechowice (1)";10,0;9,8;9,3;6,0;6,0;6,0;
0206052;"Janowice Wielkie (2)";0,7;0,7;0,7;0,0;0,0;0,0;
0206072;"Mysłakowice (2)";0,5;0,5;0,5;0,5;0,5;0,5;
0207000;"Powiat kamiennogórski";25,9;25,8;24,2;15,0;15,0;15,0;
0207011;"Kamienna Góra (1)";9,0;8,9;7,3;0,1;0,1;0,1;
0207033;"Lubawka (3)";7,6;7,6;7,6;6,8;6,8;6,8;
0207034;"Lubawka - miasto (4)";2,9;2,9;2,9;2,9;2,9;2,9;
0207035;"Lubawka - obszar wiejski (5)";4,7;4,7;4,7;3,9;3,9;3,9;
0207042;"Marciszów (2)";9,3;9,3;9,3;8,1;8,1;8,1;
0208000;"Powiat kłodzki";57,9;54,8;52,4;39,2;35,2;34,1;
0208011;"Duszniki-Zdrój (1)";0,2;0,2;0,2;0,2;0,2;0,2;
0208021;"Kłodzko (1)";1,2;1,3;1,7;1,2;1,2;1,2;
0208031;"Kudowa-Zdrój (1)";4,1;4,1;4,1;0,0;0,0;0,0;
0208041;"Nowa Ruda (1)";20,0;18,4;18,4;20,0;18,4;18,4;
0208051;"Polanica-Zdrój (1)";9,3;8,3;7,7;4,2;3,2;2,6;
0208063;"Bystrzyca Kłodzka (3)";5,1;5,1;5,1;0,0;0,0;0,0;
0208064;"Bystrzyca Kłodzka - miasto (4)";4,4;4,4;4,4;0,0;0,0;0,0;
0208065;"Bystrzyca Kłodzka - obszar wiejski (5)";0,7;0,7;0,7;0,0;0,0;0,0;
0208072;"Kłodzko (2)";3,7;3,6;3,6;3,7;3,6;3,6;
0208083;"Lądek-Zdrój (3)";9,5;9,2;7,4;8,1;7,8;7,4;
0208084;"Lądek-Zdrój - miasto (4)";7,1;7,1;5,3;5,7;5,7;5,3;
0208085;"Lądek-Zdrój - obszar wiejski (5)";2,4;2,1;2,1;2,4;2,1;2,1;
0208123;"Radków (3)";1,2;1,0;0,9;1,2;0,2;0,1;
0208124;"Radków - miasto (4)";1,2;1,0;0,9;1,2;0,2;0,1;
0208133;"Stronie Śląskie (3)";3,6;3,6;3,3;0,6;0,6;0,6;
0208134;"Stronie Śląskie - miasto (4)";0,6;0,6;0,6;0,6;0,6;0,6;
0208135;"Stronie Śląskie - obszar wiejski (5)";3,0;3,0;2,7;0,0;0,0;0,0;
0209000;"Powiat legnicki";12,4;12,4;7,4;1,5;1,5;1,5;
0209011;"Chojnów (1)";5,0;5,0;0,0;0,0;0,0;0,0;
0209073;"Prochowice (3)";7,4;7,4;7,4;1,5;1,5;1,5;
0209074;"Prochowice - miasto (4)";7,4;7,4;7,4;1,5;1,5;1,5;
0210000;"Powiat lubański";43,7;42,7;42,6;15,0;15,0;15,0;
0210011;"Lubań (1)";27,6;26,6;26,5;0,1;0,1;0,1;
0210021;"Świeradów-Zdrój (1)";4,4;4,4;4,4;3,4;3,4;3,4;
0210033;"Leśna (3)";9,9;9,9;9,9;9,9;9,9;9,9;
0210034;"Leśna - miasto (4)";9,9;9,9;9,9;9,9;9,9;9,9;
0210053;"Olszyna (3)";0,2;0,2;0,2;0,0;0,0;0,0;
0210054;"Olszyna - miasto (4)";0,2;0,2;0,2;0,0;0,0;0,0;
0210062;"Platerówka (2)";1,6;1,6;1,6;1,6;1,6;1,6;
0211000;"Powiat lubiński";19,0;17,9;17,9;0,4;0,4;0,4;
0211011;"Lubin (1)";1,9;0,8;0,8;0,0;0,0;0,0;
0211032;"Rudna (2)";0,6;0,6;0,6;0,4;0,4;0,4;
0211043;"Ścinawa (3)";16,5;16,5;16,5;0,0;0,0;0,0;
0211044;"Ścinawa - miasto (4)";16,5;16,5;16,5;0,0;0,0;0,0;
0212000;"Powiat lwówecki";16,8;16,7;16,6;8,0;7,9;7,8;
0212013;"Gryfów Śląski (3)";5,5;5,5;5,5;1,6;1,6;1,6;
0212014;"Gryfów Śląski - miasto (4)";5,5;5,5;5,5;1,6;1,6;1,6;
0212033;"Lwówek Śląski (3)";4,0;4,0;4,0;0,0;0,0;0,0;
0212034;"Lwówek Śląski - miasto (4)";4,0;4,0;4,0;0,0;0,0;0,0;
0212043;"Mirsk (3)";7,3;7,2;7,1;6,4;6,3;6,2;
0212044;"Mirsk - miasto (4)";7,3;7,2;7,1;6,4;6,3;6,2;
0213000;"Powiat milicki";2,3;1,2;1,6;2,3;1,2;1,6;
0213022;"Krośnice (2)";0,8;0,1;0,5;0,8;0,1;0,5;
0213033;"Milicz (3)";1,5;1,1;1,1;1,5;1,1;1,1;
0213034;"Milicz - miasto (4)";1,5;1,1;1,1;1,5;1,1;1,1;
0214000;"Powiat oleśnicki";8,0;5,2;5,1;6,6;4,8;4,7;
0214011;"Oleśnica (1)";2,5;0,5;0,5;2,1;0,1;0,1;
0214023;"Bierutów (3)";0,5;0,5;0,5;0,3;0,5;0,5;
0214024;"Bierutów - miasto (4)";0,3;0,3;0,3;0,3;0,3;0,3;
0214025;"Bierutów - obszar wiejski (5)";0,2;0,2;0,2;0,0;0,2;0,2;
0214032;"Dobroszyce (2)";0,8;0,0;0,0;0,0;0,0;0,0;
0214042;"Dziadowa Kłoda (2)";0,1;0,1;0,1;0,1;0,1;0,1;
0214053;"Międzybórz (3)";0,2;0,2;0,2;0,2;0,2;0,2;
0214054;"Międzybórz - miasto (4)";0,2;0,2;0,2;0,2;0,2;0,2;
0214073;"Syców (3)";2,2;2,2;2,2;2,2;2,2;2,2;
0214074;"Syców - miasto (4)";2,2;2,2;2,2;2,2;2,2;2,2;
0214083;"Twardogóra (3)";1,7;1,7;1,6;1,7;1,7;1,6;
0214084;"Twardogóra - miasto (4)";1,7;1,7;1,6;1,7;1,7;1,6;
0215000;"Powiat oławski";13,1;13,2;12,8;8,3;8,3;8,2;
0215011;"Oława (1)";4,8;4,9;4,9;1,9;2,1;2,1;
0215033;"Jelcz-Laskowice (3)";7,3;7,3;7,2;6,3;6,1;6,0;
0215034;"Jelcz-Laskowice - miasto (4)";7,3;7,3;7,2;6,3;6,1;6,0;
0215042;"Oława (2)";1,0;1,0;0,7;0,1;0,1;0,1;
0216000;"Powiat polkowicki";19,0;18,9;26,3;0,7;0,6;0,6;
0216032;"Grębocice (2)";1,0;1,0;1,0;0,0;0,0;0,0;
0216043;"Polkowice (3)";17,3;17,3;17,3;0,0;0,0;0,0;
0216044;"Polkowice - miasto (4)";17,3;17,3;17,3;0,0;0,0;0,0;
0216053;"Przemków (3)";0,6;0,6;0,6;0,6;0,6;0,6;
0216054;"Przemków - miasto (4)";0,6;0,6;0,6;0,6;0,6;0,6;
0216062;"Radwanice (2)";0,1;0,0;7,4;0,1;0,0;0,0;
0217000;"Powiat strzeliński";5,9;5,7;5,6;0,5;0,5;0,4;
0217032;"Przeworno (2)";4,2;4,0;4,0;0,0;0,0;0,0;
0217043;"Strzelin (3)";1,2;1,2;1,2;0,0;0,0;0,0;
0217044;"Strzelin - miasto (4)";1,2;1,2;1,2;0,0;0,0;0,0;
0217053;"Wiązów (3)";0,5;0,5;0,4;0,5;0,5;0,4;
0217054;"Wiązów - miasto (4)";0,5;0,5;0,4;0,5;0,5;0,4;
0218000;"Powiat średzki";0,5;0,4;0,4;0,4;0,3;0,3;
0218032;"Miękinia (2)";0,1;0,0;0,0;0,1;0,0;0,0;
0218043;"Środa Śląska (3)";0,4;0,4;0,4;0,3;0,3;0,3;
0218044;"Środa Śląska - miasto (4)";0,4;0,4;0,4;0,3;0,3;0,3;
0219000;"Powiat świdnicki";40,3;41,0;40,2;2,1;2,9;2,4;
0219011;"Świdnica (1)";25,2;23,2;22,9;0,2;0,2;0,2;
0219021;"Świebodzice (1)";1,7;1,7;1,7;0,5;0,5;0,5;
0219043;"Jaworzyna Śląska (3)";0,4;2,3;2,3;0,4;0,4;0,4;
0219044;"Jaworzyna Śląska - miasto (4)";0,2;2,1;2,1;0,2;0,2;0,2;
0219045;"Jaworzyna Śląska - obszar wiejski (5)";0,2;0,2;0,2;0,2;0,2;0,2;
0219052;"Marcinowice (2)";12,0;12,0;12,0;0,0;0,0;0,0;
0219063;"Strzegom (3)";0,9;1,8;1,3;0,9;1,8;1,3;
0219064;"Strzegom - miasto (4)";0,9;0,2;0,2;0,9;0,2;0,2;
0219065;"Strzegom - obszar wiejski (5)";0,0;1,6;1,1;0,0;1,6;1,1;
0219083;"Żarów (3)";0,1;0,0;0,0;0,1;0,0;0,0;
0219084;"Żarów - miasto (4)";0,1;0,0;0,0;0,1;0,0;0,0;
0220000;"Powiat trzebnicki";8,6;8,6;8,6;8,6;8,6;8,6;
0220013;"Oborniki Śląskie (3)";0,4;0,4;0,4;0,4;0,4;0,4;
0220014;"Oborniki Śląskie - miasto (4)";0,4;0,4;0,4;0,4;0,4;0,4;
0220023;"Prusice (3)";6,0;6,0;6,0;6,0;6,0;6,0;
0220025;"Prusice - obszar wiejski (5)";6,0;6,0;6,0;6,0;6,0;6,0;
0220063;"Żmigród (3)";2,2;2,2;2,2;2,2;2,2;2,2;
0220064;"Żmigród - miasto (4)";2,2;2,2;2,2;2,2;2,2;2,2;
0221000;"Powiat wałbrzyski";4,7;4,7;16,7;0,7;0,7;5,5;
0221021;"Jedlina-Zdrój (1)";2,8;2,1;2,1;0,0;0,0;0,0;
0221031;"Szczawno-Zdrój (1)";1,9;2,6;14,6;0,7;0,7;5,5;
0222000;"Powiat wołowski";32,6;36,7;36,7;28,5;32,6;32,6;
0222013;"Brzeg Dolny (3)";2,2;8,0;8,0;2,2;8,0;8,0;
0222014;"Brzeg Dolny - miasto (4)";2,2;8,0;8,0;2,2;8,0;8,0;
0222033;"Wołów (3)";30,4;28,7;28,7;26,3;24,6;24,6;
0222034;"Wołów - miasto (4)";25,9;24,2;24,2;24,9;23,2;23,2;
0222035;"Wołów - obszar wiejski (5)";4,5;4,5;4,5;1,4;1,4;1,4;
0223000;"Powiat wrocławski";10,4;9,5;9,5;6,6;5,7;5,7;
0223012;"Czernica (2)";3,8;3,8;3,8;0,0;0,0;0,0;
0223073;"Sobótka (3)";6,2;5,6;5,6;6,2;5,6;5,6;
0223074;"Sobótka - miasto (4)";6,2;5,6;5,6;6,2;5,6;5,6;
0223083;"Siechnice (3)";0,4;0,1;0,1;0,4;0,1;0,1;
0223084;"Siechnice - miasto (4)";0,1;0,1;0,1;0,1;0,1;0,1;
0223085;"Siechnice - obszar wiejski (5)";0,3;0,0;0,0;0,3;0,0;0,0;
0224000;"Powiat ząbkowicki";2,6;2,6;3,0;2,6;2,6;3,0;
0224063;"Ziębice (3)";2,6;2,6;2,6;2,6;2,6;2,6;
0224064;"Ziębice - miasto (4)";2,6;2,6;2,6;2,6;2,6;2,6;
0224073;"Złoty Stok (3)";0,0;0,0;0,4;0,0;0,0;0,4;
0224074;"Złoty Stok - miasto (4)";0,0;0,0;0,4;0,0;0,0;0,4;
0225000;"Powiat zgorzelecki";42,3;40,4;40,4;7,7;5,8;5,8;
0225021;"Zgorzelec (1)";37,5;35,6;35,6;2,9;1,0;1,0;
0225033;"Bogatynia (3)";1,0;1,0;1,0;1,0;1,0;1,0;
0225034;"Bogatynia - miasto (4)";1,0;1,0;1,0;1,0;1,0;1,0;
0225043;"Pieńsk (3)";0,8;0,8;0,8;0,8;0,8;0,8;
0225044;"Pieńsk - miasto (4)";0,8;0,8;0,8;0,8;0,8;0,8;
0225063;"Węgliniec (3)";3,0;3,0;3,0;3,0;3,0;3,0;
0225064;"Węgliniec - miasto (4)";3,0;3,0;3,0;3,0;3,0;3,0;
0226000;"Powiat złotoryjski";8,2;8,0;15,9;3,3;3,3;5,0;
0226011;"Wojcieszów (1)";4,7;4,7;4,7;1,8;1,8;1,8;
0226021;"Złotoryja (1)";1,5;1,3;9,2;0,1;0,1;1,8;
0226062;"Złotoryja (2)";2,0;2,0;2,0;1,4;1,4;1,4;
0261000;"Powiat m. Jelenia Góra";15,8;11,8;11,7;14,6;10,6;10,6;
0261011;"Jelenia Góra (1)";15,8;11,8;11,7;14,6;10,6;10,6;
0262000;"Powiat m. Legnica";8,1;12,5;12,5;6,0;6,4;6,4;
0262011;"Legnica (1)";8,1;12,5;12,5;6,0;6,4;6,4;
0264000;"Powiat m. Wrocław";69,5;76,1;63,0;69,5;76,1;63,0;
0264011;"Wrocław (1)";69,5;76,1;63,0;69,5;76,1;63,0;
0265000;"Powiat m. Wałbrzych od 2013";2,2;1,6;0,5;0,0;0,0;0,0;
0265011;"Wałbrzych od 2013 (1)";2,2;1,6;0,5;0,0;0,0;0,0;
0400000;"KUJAWSKO-POMORSKIE";96,1;95,4;91,6;56,3;52,1;54,0;
0401000;"Powiat aleksandrowski";0,2;0,2;0,2;0,2;0,2;0,2;
0401021;"Ciechocinek (1)";0,2;0,2;0,2;0,2;0,2;0,2;
0402000;"Powiat brodnicki";8,0;8,9;8,9;4,4;5,3;5,3;
0402011;"Brodnica (1)";4,8;4,8;4,8;1,2;1,2;1,2;
0402092;"Świedziebnia (2)";0,3;0,3;0,3;0,3;0,3;0,3;
0402102;"Zbiczno (2)";2,9;3,8;3,8;2,9;3,8;3,8;
0403000;"Powiat bydgoski";3,4;0,5;0,3;3,4;0,5;0,3;
0403043;"Koronowo (3)";0,7;0,0;0,0;0,7;0,0;0,0;
0403044;"Koronowo - miasto (4)";0,7;0,0;0,0;0,7;0,0;0,0;
0403072;"Sicienko (2)";2,7;0,5;0,3;2,7;0,5;0,3;
0404000;"Powiat chełmiński";0,3;0,0;0,0;0,0;0,0;0,0;
0404011;"Chełmno (1)";0,3;0,0;0,0;0,0;0,0;0,0;
0405000;"Powiat golubsko-dobrzyński";0,0;0,0;1,3;0,0;0,0;0,3;
0405043;"Kowalewo Pomorskie (3)";0,0;0,0;0,3;0,0;0,0;0,3;
0405044;"Kowalewo Pomorskie - miasto (4)";0,0;0,0;0,3;0,0;0,0;0,3;
0405052;"Radomin (2)";0,0;0,0;1,0;0,0;0,0;0,0;
0406000;"Powiat grudziądzki";2,3;2,3;1,6;0,7;0,7;0,1;
0406012;"Grudziądz (2)";1,2;1,2;1,2;0,0;0,0;0,0;
0406022;"Gruta (2)";0,6;0,6;0,0;0,6;0,6;0,0;
0406043;"Radzyń Chełmiński (3)";0,3;0,3;0,3;0,0;0,0;0,0;
0406044;"Radzyń Chełmiński - miasto (4)";0,3;0,3;0,3;0,0;0,0;0,0;
0406062;"Świecie nad Osą (2)";0,2;0,2;0,1;0,1;0,1;0,1;
0407000;"Powiat inowrocławski";6,7;8,4;7,1;6,4;6,4;6,5;
0407033;"Gniewkowo (3)";0,1;0,1;0,0;0,1;0,1;0,0;
0407034;"Gniewkowo - miasto (4)";0,1;0,1;0,0;0,1;0,1;0,0;
0407053;"Janikowo (3)";0,3;0,3;0,3;0,0;0,0;0,0;
0407054;"Janikowo - miasto (4)";0,3;0,3;0,3;0,0;0,0;0,0;
0407063;"Kruszwica (3)";6,1;6,1;6,1;6,1;6,1;6,1;
0407064;"Kruszwica - miasto (4)";5,0;5,0;5,0;5,0;5,0;5,0;
0407065;"Kruszwica - obszar wiejski (5)";1,1;1,1;1,1;1,1;1,1;1,1;
0407073;"Pakość (3)";0,2;1,9;0,7;0,2;0,2;0,4;
0407074;"Pakość - miasto (4)";0,2;0,5;0,5;0,2;0,2;0,2;
0407075;"Pakość - obszar wiejski (5)";0,0;1,4;0,2;0,0;0,0;0,2;
0408000;"Powiat lipnowski";9,0;9,0;7,9;4,9;4,9;4,9;
0408011;"Lipno (1)";4,1;4,1;3,0;0,0;0,0;0,0;
0408043;"Dobrzyń nad Wisłą (3)";1,7;1,7;1,7;1,7;1,7;1,7;
0408044;"Dobrzyń nad Wisłą - miasto (4)";1,7;1,7;1,7;1,7;1,7;1,7;
0408062;"Lipno (2)";3,0;3,0;3,0;3,0;3,0;3,0;
0408073;"Skępe (3)";0,2;0,2;0,2;0,2;0,2;0,2;
0408074;"Skępe - miasto (4)";0,2;0,2;0,2;0,2;0,2;0,2;
0409000;"Powiat mogileński";0,9;0,9;0,9;0,0;0,0;0,0;
0409012;"Dąbrowa (2)";0,9;0,9;0,9;0,0;0,0;0,0;
0410000;"Powiat nakielski";7,1;6,5;6,5;4,3;4,3;4,3;
0410013;"Kcynia (3)";1,1;1,1;1,1;1,1;1,1;1,1;
0410014;"Kcynia - miasto (4)";1,1;1,1;1,1;1,1;1,1;1,1;
0410023;"Mrocza (3)";2,8;2,2;2,2;0,0;0,0;0,0;
0410024;"Mrocza - miasto (4)";2,8;2,2;2,2;0,0;0,0;0,0;
0410033;"Nakło nad Notecią (3)";2,7;2,7;2,7;2,7;2,7;2,7;
0410034;"Nakło nad Notecią - miasto (4)";2,4;2,4;2,4;2,4;2,4;2,4;
0410035;"Nakło nad Notecią - obszar wiejski (5)";0,3;0,3;0,3;0,3;0,3;0,3;
0410053;"Szubin (3)";0,5;0,5;0,5;0,5;0,5;0,5;
0410054;"Szubin - miasto (4)";0,5;0,5;0,5;0,5;0,5;0,5;
0412000;"Powiat rypiński";0,0;0,0;0,3;0,0;0,0;0,3;
0412052;"Skrwilno (2)";0,0;0,0;0,3;0,0;0,0;0,3;
0413000;"Powiat sępoleński";2,0;3,0;3,0;0,0;0,0;0,0;
0413013;"Kamień Krajeński (3)";1,3;1,3;1,3;0,0;0,0;0,0;
0413014;"Kamień Krajeński - miasto (4)";0,5;0,5;0,5;0,0;0,0;0,0;
0413015;"Kamień Krajeński - obszar wiejski (5)";0,8;0,8;0,8;0,0;0,0;0,0;
0413023;"Sępólno Krajeńskie (3)";0,0;1,0;1,0;0,0;0,0;0,0;
0413024;"Sępólno Krajeńskie - miasto (4)";0,0;1,0;1,0;0,0;0,0;0,0;
0413043;"Więcbork (3)";0,7;0,7;0,7;0,0;0,0;0,0;
0413044;"Więcbork - miasto (4)";0,7;0,7;0,7;0,0;0,0;0,0;
0414000;"Powiat świecki";3,2;3,2;3,9;3,2;3,2;3,2;
0414083;"Pruszcz (3)";;;0,7;;;0,0;
0414085;"Pruszcz - obszar wiejski (5)";;;0,7;;;0,0;
0414093;"Świecie (3)";3,2;3,2;3,2;3,2;3,2;3,2;
0414094;"Świecie - miasto (4)";2,4;2,4;2,4;2,4;2,4;2,4;
0414095;"Świecie - obszar wiejski (5)";0,8;0,8;0,8;0,8;0,8;0,8;
0415000;"Powiat toruński";2,6;2,6;2,6;0,3;0,3;0,3;
0415011;"Chełmża (1)";2,3;2,3;2,3;0,2;0,2;0,2;
0415022;"Chełmża (2)";0,3;0,3;0,3;0,1;0,1;0,1;
0416000;"Powiat tucholski";0,9;3,0;1,1;0,3;0,3;0,3;
0416022;"Gostycyn (2)";0,9;2,8;0,9;0,3;0,3;0,3;
0416032;"Kęsowo (2)";0,0;0,2;0,2;0,0;0,0;0,0;
0417000;"Powiat wąbrzeski";6,6;6,3;5,5;1,0;1,0;1,0;
0417011;"Wąbrzeźno (1)";3,8;3,5;2,7;0,7;0,7;0,7;
0417032;"Książki (2)";0,3;0,3;0,3;0,3;0,3;0,3;
0417042;"Płużnica (2)";2,5;2,5;2,5;0,0;0,0;0,0;
0418000;"Powiat włocławski";3,3;3,3;3,3;3,3;3,3;3,3;
0418043;"Brześć Kujawski (3)";3,3;3,3;3,3;3,3;3,3;3,3;
0418045;"Brześć Kujawski - obszar wiejski (5)";3,3;3,3;3,3;3,3;3,3;3,3;
0419000;"Powiat żniński";8,3;7,9;6,8;5,7;6,1;5,8;
0419013;"Barcin (3)";2,6;1,7;0,9;0,0;0,0;0,0;
0419014;"Barcin - miasto (4)";1,8;0,9;0,9;0,0;0,0;0,0;
0419015;"Barcin - obszar wiejski (5)";0,8;0,8;0,0;0,0;0,0;0,0;
0419033;"Janowiec Wielkopolski (3)";3,6;3,6;3,6;3,6;3,6;3,6;
0419034;"Janowiec Wielkopolski - miasto (4)";3,6;3,6;3,6;3,6;3,6;3,6;
0419063;"Żnin (3)";2,1;2,6;2,3;2,1;2,5;2,2;
0419064;"Żnin - miasto (4)";0,5;1,0;0,7;0,5;0,9;0,6;
0419065;"Żnin - obszar wiejski (5)";1,6;1,6;1,6;1,6;1,6;1,6;
0461000;"Powiat m. Bydgoszcz";7,3;6,8;7,3;1,0;0,7;3,8;
0461011;"Bydgoszcz (1)";7,3;6,8;7,3;1,0;0,7;3,8;
0462000;"Powiat m. Grudziądz";19,2;16,9;16,3;13,2;10,9;10,3;
0462011;"Grudziądz (1)";19,2;16,9;16,3;13,2;10,9;10,3;
0463000;"Powiat m. Toruń";0,8;1,7;3,0;0,0;0,0;0,0;
0463011;"Toruń (1)";0,8;1,7;3,0;0,0;0,0;0,0;
0464000;"Powiat m. Włocławek";4,0;4,0;3,8;4,0;4,0;3,8;
0464011;"Włocławek (1)";4,0;4,0;3,8;4,0;4,0;3,8;
0600000;"LUBELSKIE";137,1;132,9;131,2;50,2;50,3;49,7;
0601000;"Powiat bialski";6,9;6,9;6,9;3,2;3,2;3,2;
0601011;"Międzyrzec Podlaski (1)";4,9;4,9;4,9;2,8;2,8;2,8;
0601021;"Terespol (1)";0,4;0,4;0,4;0,4;0,4;0,4;
0601142;"Sławatycze (2)";1,6;1,6;1,6;0,0;0,0;0,0;
0602000;"Powiat biłgorajski";3,4;2,8;2,8;3,3;2,7;2,7;
0602011;"Biłgoraj (1)";0,9;0,3;0,3;0,8;0,2;0,2;
0602123;"Tarnogród (3)";2,5;2,5;2,5;2,5;2,5;2,5;
0602124;"Tarnogród - miasto (4)";2,5;2,5;2,5;2,5;2,5;2,5;
0603000;"Powiat chełmski";3,8;3,8;3,8;2,6;2,6;2,6;
0603011;"Rejowiec Fabryczny (1)";1,5;1,5;1,5;1,5;1,5;1,5;
0603092;"Ruda-Huta (2)";1,1;1,1;1,1;1,1;1,1;1,1;
0603113;"Siedliszcze (3)";1,2;1,2;1,2;0,0;0,0;0,0;
0603114;"Siedliszcze - miasto (4)";1,2;1,2;1,2;0,0;0,0;0,0;
0604000;"Powiat hrubieszowski";0,4;0,4;0,4;0,4;0,4;0,4;
0604011;"Hrubieszów (1)";0,3;0,3;0,3;0,3;0,3;0,3;
0604022;"Dołhobyczów (2)";0,1;0,1;0,1;0,1;0,1;0,1;
0605000;"Powiat janowski";5,9;5,9;5,9;3,3;3,3;3,3;
0605012;"Batorz (2)";3,0;3,0;3,0;0,4;0,4;0,4;
0605053;"Janów Lubelski (3)";2,9;2,9;2,9;2,9;2,9;2,9;
0605054;"Janów Lubelski - miasto (4)";2,9;2,9;2,9;2,9;2,9;2,9;
0606000;"Powiat krasnostawski";0,0;3,0;3,0;0,0;3,0;3,0;
0606102;"Siennica Różana (2)";0,0;3,0;3,0;0,0;3,0;3,0;
0607000;"Powiat kraśnicki";0,6;0,4;0,7;0,6;0,4;0,4;
0607011;"Kraśnik (1)";0,6;0,4;0,7;0,6;0,4;0,4;
0608000;"Powiat lubartowski";1,4;1,4;1,4;0,4;0,4;0,4;
0608011;"Lubartów (1)";1,4;1,4;1,4;0,4;0,4;0,4;
0609000;"Powiat lubelski";3,6;9,0;9,0;0,0;1,7;1,7;
0609033;"Bychawa (3)";2,0;2,0;2,0;0,0;0,0;0,0;
0609034;"Bychawa - miasto (4)";2,0;2,0;2,0;0,0;0,0;0,0;
0609042;"Garbów (2)";1,6;1,6;1,6;0,0;0,0;0,0;
0609052;"Głusk (2)";0,0;1,1;1,1;0,0;1,1;1,1;
0609112;"Niemce (2)";0,0;4,3;4,3;0,0;0,6;0,6;
0610000;"Powiat łęczyński";2,4;2,4;1,0;0,5;0,5;0,4;
0610033;"Łęczna (3)";2,4;2,4;1,0;0,5;0,5;0,4;
0610034;"Łęczna - miasto (4)";2,4;2,4;1,0;0,5;0,5;0,4;
0611000;"Powiat łukowski";1,1;1,8;1,4;0,6;1,3;0,9;
0611011;"Łuków (1)";0,9;1,6;1,2;0,4;1,1;0,7;
0611021;"Stoczek Łukowski (1)";0,2;0,2;0,2;0,2;0,2;0,2;
0612000;"Powiat opolski";1,9;1,9;2,1;1,9;1,9;2,1;
0612053;"Opole Lubelskie (3)";0,0;0,0;0,2;0,0;0,0;0,2;
0612054;"Opole Lubelskie - miasto (4)";0,0;0,0;0,2;0,0;0,0;0,2;
0612063;"Poniatowa (3)";1,9;1,9;1,9;1,9;1,9;1,9;
0612064;"Poniatowa - miasto (4)";1,9;1,9;1,9;1,9;1,9;1,9;
0613000;"Powiat parczewski";3,6;3,6;3,6;3,6;3,6;3,6;
0613043;"Parczew (3)";1,6;1,6;1,6;1,6;1,6;1,6;
0613044;"Parczew - miasto (4)";1,6;1,6;1,6;1,6;1,6;1,6;
0613052;"Podedwórze (2)";2,0;2,0;2,0;2,0;2,0;2,0;
0614000;"Powiat puławski";1,9;1,9;1,9;1,9;1,9;1,9;
0614011;"Puławy (1)";1,9;1,9;1,9;1,9;1,9;1,9;
0615000;"Powiat radzyński";0,5;0,5;1,5;0,3;0,3;1,3;
0615022;"Borki (2)";0,0;0,0;1,0;0,0;0,0;1,0;
0615052;"Komarówka Podlaska (2)";0,2;0,2;0,2;0,0;0,0;0,0;
0615082;"Wohyń (2)";0,3;0,3;0,3;0,3;0,3;0,3;
0616000;"Powiat rycki";1,2;0,7;1,0;1,2;0,7;0,0;
0616043;"Ryki (3)";1,2;0,7;1,0;1,2;0,7;0,0;
0616044;"Ryki - miasto (4)";1,2;0,7;1,0;1,2;0,7;0,0;
0617000;"Powiat świdnicki";16,6;16,6;16,6;0,0;0,0;0,0;
0617011;"Świdnik (1)";16,6;16,6;16,6;0,0;0,0;0,0;
0618000;"Powiat tomaszowski";1,3;0,0;0,0;1,3;0,0;0,0;
0618022;"Bełżec (2)";1,3;0,0;0,0;1,3;0,0;0,0;
0619000;"Powiat włodawski";3,7;3,7;3,7;3,7;3,7;3,7;
0619022;"Hanna (2)";0,6;0,6;0,6;0,6;0,6;0,6;
0619032;"Hańsk (2)";3,1;3,1;3,1;3,1;3,1;3,1;
0620000;"Powiat zamojski";3,4;3,4;3,4;3,4;3,4;3,4;
0620133;"Szczebrzeszyn (3)";0,8;0,8;0,8;0,8;0,8;0,8;
0620134;"Szczebrzeszyn - miasto (4)";0,8;0,8;0,8;0,8;0,8;0,8;
0620153;"Zwierzyniec (3)";2,6;2,6;2,6;2,6;2,6;2,6;
0620154;"Zwierzyniec - miasto (4)";2,6;2,6;2,6;2,6;2,6;2,6;
0661000;"Powiat m. Biała Podlaska";11,5;10,6;9,9;11,5;10,6;9,9;
0661011;"Biała Podlaska (1)";11,5;10,6;9,9;11,5;10,6;9,9;
0662000;"Powiat m. Chełm";6,0;4,0;4,1;5,7;3,9;4,0;
0662011;"Chełm (1)";6,0;4,0;4,1;5,7;3,9;4,0;
0663000;"Powiat m. Lublin";55,2;47,4;46,3;0,0;0,0;0,0;
0663011;"Lublin (1)";55,2;47,4;46,3;0,0;0,0;0,0;
0664000;"Powiat m. Zamość";0,8;0,8;0,8;0,8;0,8;0,8;
0664011;"Zamość (1)";0,8;0,8;0,8;0,8;0,8;0,8;
0800000;"LUBUSKIE";209,7;199,1;199,8;120,9;120,2;119,3;
0801000;"Powiat gorzowski";52,5;53,0;51,1;50,9;51,5;49,7;
0801011;"Kostrzyn nad Odrą (1)";50,9;50,9;49,7;50,9;50,9;49,7;
0801022;"Bogdaniec (2)";0,0;0,6;0,0;0,0;0,6;0,0;
0801073;"Witnica (3)";1,6;1,5;1,4;0,0;0,0;0,0;
0801074;"Witnica - miasto (4)";1,6;1,5;1,4;0,0;0,0;0,0;
0802000;"Powiat krośnieński";4,6;2,9;2,9;4,1;2,9;2,9;
0802011;"Gubin (1)";1,7;0,6;0,6;1,7;0,6;0,6;
0802032;"Bytnica (2)";1,9;1,9;1,9;1,9;1,9;1,9;
0802063;"Krosno Odrzańskie (3)";1,0;0,4;0,4;0,5;0,4;0,4;
0802064;"Krosno Odrzańskie - miasto (4)";1,0;0,4;0,4;0,5;0,4;0,4;
0803000;"Powiat międzyrzecki";3,9;3,4;2,9;1,3;1,3;1,3;
0803023;"Międzyrzecz (3)";2,4;1,9;1,4;0,0;0,0;0,0;
0803024;"Międzyrzecz - miasto (4)";2,4;1,9;1,4;0,0;0,0;0,0;
0803042;"Pszczew (2)";0,2;0,2;0,2;0,2;0,2;0,2;
0803053;"Skwierzyna (3)";0,8;0,8;0,8;0,6;0,6;0,6;
0803054;"Skwierzyna - miasto (4)";0,6;0,6;0,6;0,6;0,6;0,6;
0803055;"Skwierzyna - obszar wiejski (5)";0,2;0,2;0,2;0,0;0,0;0,0;
0803063;"Trzciel (3)";0,5;0,5;0,5;0,5;0,5;0,5;
0803064;"Trzciel - miasto (4)";0,5;0,5;0,5;0,5;0,5;0,5;
0804000;"Powiat nowosolski";8,5;8,7;8,2;7,3;7,4;6,9;
0804023;"Bytom Odrzański (3)";5,8;5,8;5,4;5,8;5,8;5,4;
0804024;"Bytom Odrzański - miasto (4)";5,8;5,8;5,4;5,8;5,8;5,4;
0804052;"Nowa Sól (2)";1,2;1,4;1,3;1,2;1,3;1,2;
0804063;"Nowe Miasteczko (3)";1,5;1,5;1,5;0,3;0,3;0,3;
0804064;"Nowe Miasteczko - miasto (4)";1,2;1,2;1,2;0,0;0,0;0,0;
0804065;"Nowe Miasteczko - obszar wiejski (5)";0,3;0,3;0,3;0,3;0,3;0,3;
0805000;"Powiat słubicki";4,4;4,1;4,4;1,3;1,0;1,3;
0805033;"Ośno Lubuskie (3)";0,5;0,2;0,5;0,5;0,2;0,5;
0805034;"Ośno Lubuskie - miasto (4)";0,5;0,2;0,5;0,5;0,2;0,5;
0805043;"Rzepin (3)";0,8;0,8;0,8;0,8;0,8;0,8;
0805044;"Rzepin - miasto (4)";0,8;0,8;0,8;0,8;0,8;0,8;
0805053;"Słubice (3)";3,1;3,1;3,1;0,0;0,0;0,0;
0805054;"Słubice - miasto (4)";3,1;3,1;3,1;0,0;0,0;0,0;
0806000;"Powiat strzelecko-drezdenecki";14,1;14,1;14,1;12,1;12,1;12,1;
0806013;"Dobiegniew (3)";10,0;10,0;10,0;10,0;10,0;10,0;
0806014;"Dobiegniew - miasto (4)";5,0;5,0;5,0;5,0;5,0;5,0;
0806015;"Dobiegniew - obszar wiejski (5)";5,0;5,0;5,0;5,0;5,0;5,0;
0806023;"Drezdenko (3)";3,0;3,0;3,0;1,0;1,0;1,0;
0806024;"Drezdenko - miasto (4)";3,0;3,0;3,0;1,0;1,0;1,0;
0806032;"Stare Kurowo (2)";0,6;0,6;0,6;0,6;0,6;0,6;
0806043;"Strzelce Krajeńskie (3)";0,5;0,5;0,5;0,5;0,5;0,5;
0806044;"Strzelce Krajeńskie - miasto (4)";0,5;0,5;0,5;0,5;0,5;0,5;
0807000;"Powiat sulęciński";0,0;0,0;2,0;0,0;0,0;0,0;
0807012;"Krzeszyce (2)";0,0;0,0;2,0;0,0;0,0;0,0;
0809000;"Powiat zielonogórski";7,5;4,5;2,9;3,5;3,5;2,1;
0809013;"Babimost (3)";5,0;2,0;0,9;1,0;1,0;0,9;
0809014;"Babimost - miasto (4)";5,0;2,0;0,9;1,0;1,0;0,9;
0809033;"Czerwieńsk (3)";1,3;1,3;0,8;1,3;1,3;0,0;
0809034;"Czerwieńsk - miasto (4)";1,3;1,3;0,8;1,3;1,3;0,0;
0809063;"Sulechów (3)";1,2;1,2;1,2;1,2;1,2;1,2;
0809064;"Sulechów - miasto (4)";1,2;1,2;1,2;1,2;1,2;1,2;
0810000;"Powiat żagański";21,0;19,1;19,1;3,7;4,9;1,6;
0810011;"Gozdnica (1)";3,3;3,3;3,3;3,3;3,3;0,0;
0810021;"Żagań (1)";11,8;9,9;9,9;0,4;1,6;1,6;
0810053;"Małomice (3)";1,2;1,2;1,2;0,0;0,0;0,0;
0810054;"Małomice - miasto (4)";1,2;1,2;1,2;0,0;0,0;0,0;
0810092;"Żagań (2)";4,7;4,7;4,7;0,0;0,0;0,0;
0811000;"Powiat żarski";30,0;29,1;29,6;27,0;26,1;26,1;
0811011;"Łęknica (1)";2,4;1,5;1,5;2,4;1,5;1,5;
0811021;"Żary (1)";27,6;27,6;27,6;24,6;24,6;24,6;
0811043;"Jasień (3)";0,0;0,0;0,5;0,0;0,0;0,0;
0811044;"Jasień - miasto (4)";0,0;0,0;0,5;0,0;0,0;0,0;
0812000;"Powiat wschowski";10,6;9,0;9,0;0,6;0,6;0,6;
0812023;"Szlichtyngowa (3)";4,3;4,3;4,3;0,0;0,0;0,0;
0812024;"Szlichtyngowa - miasto (4)";4,3;4,3;4,3;0,0;0,0;0,0;
0812033;"Wschowa (3)";6,3;4,7;4,7;0,6;0,6;0,6;
0812034;"Wschowa - miasto (4)";6,3;4,7;4,7;0,6;0,6;0,6;
0861000;"Powiat m. Gorzów Wielkopolski";27,8;26,4;23,8;2,4;2,2;2,2;
0861011;"Gorzów Wielkopolski (1)";27,8;26,4;23,8;2,4;2,2;2,2;
0862000;"Powiat m. Zielona Góra";24,8;24,8;29,8;6,7;6,7;12,5;
0862011;"Zielona Góra (1)";24,8;24,8;29,8;6,7;6,7;12,5;
1000000;"ŁÓDZKIE";800,3;801,1;871,0;523,9;526,7;565,9;
1001000;"Powiat bełchatowski";10,6;11,4;11,4;10,2;11,4;11,4;
1001011;"Bełchatów (1)";1,2;2,0;2,0;0,8;2,0;2,0;
1001042;"Kleszczów (2)";9,4;9,4;9,4;9,4;9,4;9,4;
1002000;"Powiat kutnowski";9,0;9,0;9,0;0,3;0,3;0,3;
1002011;"Kutno (1)";0,3;0,3;0,3;0,3;0,3;0,3;
1002082;"Nowe Ostrowy (2)";8,7;8,7;8,7;0,0;0,0;0,0;
1003000;"Powiat łaski";0,0;0,0;0,9;0,0;0,0;0,9;
1003023;"Łask (3)";0,0;0,0;0,9;0,0;0,0;0,9;
1003024;"Łask - miasto (4)";0,0;0,0;0,9;0,0;0,0;0,9;
1004000;"Powiat łęczycki";0,9;0,9;0,9;0,0;0,0;0,0;
1004011;"Łęczyca (1)";0,9;0,9;0,9;0,0;0,0;0,0;
1005000;"Powiat łowicki";1,2;1,2;1,2;0,8;0,8;0,8;
1005011;"Łowicz (1)";1,2;1,2;1,2;0,8;0,8;0,8;
1006000;"Powiat łódzki wschodni";1,8;1,8;1,6;1,2;1,2;0,8;
1006022;"Andrespol (2)";1,4;1,4;1,4;0,8;0,8;0,8;
1006032;"Brójce (2)";0,4;0,4;0,0;0,4;0,4;0,0;
1006073;"Koluszki (3)";0,0;0,0;0,2;0,0;0,0;0,0;
1006074;"Koluszki - miasto (4)";0,0;0,0;0,2;0,0;0,0;0,0;
1007000;"Powiat opoczyński";3,8;2,4;2,4;2,0;1,5;1,5;
1007043;"Opoczno (3)";3,8;2,4;2,4;2,0;1,5;1,5;
1007044;"Opoczno - miasto (4)";3,8;2,4;2,4;2,0;1,5;1,5;
1008000;"Powiat pabianicki";1,6;1,6;1,6;1,6;1,6;1,6;
1008021;"Pabianice (1)";0,1;0,1;0,1;0,1;0,1;0,1;
1008052;"Ksawerów (2)";1,5;1,5;1,5;1,5;1,5;1,5;
1010000;"Powiat piotrkowski";0,0;0,0;0,5;0,0;0,0;0,5;
1010093;"Sulejów (3)";0,0;0,0;0,5;0,0;0,0;0,5;
1010094;"Sulejów - miasto (4)";0,0;0,0;0,5;0,0;0,0;0,5;
1012000;"Powiat radomszczański";0,0;0,6;0,1;0,0;0,6;0,1;
1012011;"Radomsko (1)";0,0;0,6;0,1;0,0;0,6;0,1;
1013000;"Powiat rawski";0,2;0,2;0,2;0,2;0,2;0,2;
1013011;"Rawa Mazowiecka (1)";0,2;0,2;0,2;0,2;0,2;0,2;
1014000;"Powiat sieradzki";5,1;5,1;4,0;5,1;5,1;4,0;
1014011;"Sieradz (1)";5,1;5,1;4,0;5,1;5,1;4,0;
1016000;"Powiat tomaszowski";0,0;0,0;0,8;0,0;0,0;0,8;
1016102;"Ujazd (2)";0,0;0,0;0,8;0,0;0,0;0,8;
1017000;"Powiat wieluński";7,8;7,7;7,7;7,8;7,7;7,7;
1017093;"Wieluń (3)";7,8;7,7;7,7;7,8;7,7;7,7;
1017094;"Wieluń - miasto (4)";7,8;7,7;7,7;7,8;7,7;7,7;
1018000;"Powiat wieruszowski";1,0;1,0;1,0;1,0;1,0;1,0;
1018032;"Galewice (2)";1,0;1,0;1,0;1,0;1,0;1,0;
1019000;"Powiat zduńskowolski";0,9;0,7;0,7;0,9;0,7;0,7;
1019011;"Zduńska Wola (1)";0,9;0,7;0,7;0,9;0,7;0,7;
1020000;"Powiat zgierski";63,7;63,5;66,1;45,4;45,3;47,9;
1020011;"Głowno (1)";0,6;0,6;1,8;0,6;0,6;1,8;
1020021;"Ozorków (1)";20,2;20,0;20,0;2,1;2,0;2,0;
1020043;"Aleksandrów Łódzki (3)";42,7;42,7;42,7;42,7;42,7;42,7;
1020044;"Aleksandrów Łódzki - miasto (4)";42,0;42,0;42,0;42,0;42,0;42,0;
1020045;"Aleksandrów Łódzki - obszar wiejski (5)";0,7;0,7;0,7;0,7;0,7;0,7;
1020083;"Stryków (3)";0,2;0,2;1,6;0,0;0,0;1,4;
1020084;"Stryków - miasto (4)";0,2;0,2;1,6;0,0;0,0;1,4;
1021000;"Powiat brzeziński";4,0;4,0;3,0;4,0;4,0;3,0;
1021011;"Brzeziny (1)";4,0;4,0;3,0;4,0;4,0;3,0;
1061000;"Powiat m. Łódź";627,4;629,4;697,6;410,1;412,7;450,1;
1061011;"Łódź (1)";627,4;629,4;697,6;410,1;412,7;450,1;
1062000;"Powiat m. Piotrków Trybunalski";60,6;60,6;60,3;32,6;32,6;32,6;
1062011;"Piotrków Trybunalski (1)";60,6;60,6;60,3;32,6;32,6;32,6;
1063000;"Powiat m. Skierniewice";0,7;0,0;0,0;0,7;0,0;0,0;
1063011;"Skierniewice (1)";0,7;0,0;0,0;0,7;0,0;0,0;
1200000;"MAŁOPOLSKIE";183,0;179,3;175,4;72,9;71,2;70,5;
1201000;"Powiat bocheński";0,7;0,7;0,7;0,0;0,0;0,0;
1201011;"Bochnia (1)";0,7;0,7;0,7;0,0;0,0;0,0;
1202000;"Powiat brzeski";2,7;1,6;1,9;2,7;1,6;1,9;
1202023;"Brzesko (3)";2,7;1,6;1,6;2,7;1,6;1,6;
1202024;"Brzesko - miasto (4)";2,7;1,6;1,6;2,7;1,6;1,6;
1202052;"Gnojnik (2)";0,0;0,0;0,3;0,0;0,0;0,3;
1203000;"Powiat chrzanowski";12,1;10,9;10,7;11,8;10,6;10,4;
1203013;"Alwernia (3)";7,9;7,9;7,9;7,9;7,9;7,9;
1203014;"Alwernia - miasto (4)";7,9;7,9;7,9;7,9;7,9;7,9;
1203033;"Chrzanów (3)";2,3;2,7;2,3;2,0;2,4;2,0;
1203034;"Chrzanów - miasto (4)";2,3;2,7;2,3;2,0;2,4;2,0;
1203043;"Libiąż (3)";0,3;0,3;0,5;0,3;0,3;0,5;
1203044;"Libiąż - miasto (4)";0,3;0,3;0,5;0,3;0,3;0,5;
1203053;"Trzebinia (3)";1,6;0,0;0,0;1,6;0,0;0,0;
1203055;"Trzebinia - obszar wiejski (5)";1,6;0,0;0,0;1,6;0,0;0,0;
1204000;"Powiat dąbrowski";3,9;3,9;3,9;0,0;0,0;0,0;
1204023;"Dąbrowa Tarnowska (3)";3,9;3,9;3,9;0,0;0,0;0,0;
1204024;"Dąbrowa Tarnowska - miasto (4)";3,9;3,9;3,9;0,0;0,0;0,0;
1205000;"Powiat gorlicki";5,5;4,7;6,6;0,0;0,0;0,0;
1205011;"Gorlice (1)";5,2;4,4;4,4;0,0;0,0;0,0;
1205023;"Biecz (3)";0,0;0,0;1,9;0,0;0,0;0,0;
1205024;"Biecz - miasto (4)";0,0;0,0;1,9;0,0;0,0;0,0;
1205033;"Bobowa (3)";0,3;0,3;0,3;0,0;0,0;0,0;
1205034;"Bobowa - miasto (4)";0,3;0,3;0,3;0,0;0,0;0,0;
1206000;"Powiat krakowski";78,5;78,5;78,1;1,4;1,4;1,0;
1206052;"Kocmyrzów-Luborzyca (2)";0,4;0,4;0,4;0,4;0,4;0,4;
1206063;"Krzeszowice (3)";77,3;77,3;77,3;0,2;0,2;0,2;
1206064;"Krzeszowice - miasto (4)";77,3;77,3;77,3;0,2;0,2;0,2;
1206113;"Skawina (3)";0,8;0,8;0,4;0,8;0,8;0,4;
1206114;"Skawina - miasto (4)";0,8;0,8;0,4;0,8;0,8;0,4;
1207000;"Powiat limanowski";1,3;1,2;1,2;1,3;1,2;1,2;
1207011;"Limanowa (1)";0,6;0,5;0,5;0,6;0,5;0,5;
1207021;"Mszana Dolna (1)";0,4;0,4;0,4;0,4;0,4;0,4;
1207042;"Jodłownik (2)";0,3;0,3;0,3;0,3;0,3;0,3;
1208000;"Powiat miechowski";1,8;1,8;1,8;1,8;1,8;1,8;
1208062;"Racławice (2)";1,8;1,8;1,8;1,8;1,8;1,8;
1210000;"Powiat nowosądecki";7,7;8,7;8,7;1,2;1,2;1,2;
1210073;"Krynica-Zdrój (3)";6,0;6,0;6,0;0,0;0,0;0,0;
1210075;"Krynica-Zdrój - obszar wiejski (5)";6,0;6,0;6,0;0,0;0,0;0,0;
1210092;"Łącko (2)";0,4;0,4;0,4;0,4;0,4;0,4;
1210163;"Stary Sącz (3)";1,3;2,3;2,3;0,8;0,8;0,8;
1210164;"Stary Sącz - miasto (4)";1,3;2,3;2,3;0,8;0,8;0,8;
1211000;"Powiat nowotarski";0,4;0,4;0,4;0,2;0,2;0,2;
1211011;"Nowy Targ (1)";0,4;0,4;0,4;0,2;0,2;0,2;
1212000;"Powiat olkuski";2,0;2,6;4,0;1,2;1,2;3,2;
1212011;"Bukowno (1)";0,0;0,0;2,0;0,0;0,0;2,0;
1212032;"Bolesław (2)";0,8;0,8;0,8;0,0;0,0;0,0;
1212042;"Klucze (2)";0,0;0,6;0,0;0,0;0,0;0,0;
1212053;"Olkusz (3)";0,3;0,3;0,3;0,3;0,3;0,3;
1212054;"Olkusz - miasto (4)";0,3;0,3;0,3;0,3;0,3;0,3;
1212073;"Wolbrom (3)";0,9;0,9;0,9;0,9;0,9;0,9;
1212074;"Wolbrom - miasto (4)";0,9;0,9;0,9;0,9;0,9;0,9;
1213000;"Powiat oświęcimski";40,8;40,6;39,4;40,8;40,6;39,4;
1213011;"Oświęcim (1)";39,5;39,3;38,0;39,5;39,3;38,0;
1213023;"Brzeszcze (3)";1,3;1,3;1,4;1,3;1,3;1,4;
1213024;"Brzeszcze - miasto (4)";0,5;0,5;0,5;0,5;0,5;0,5;
1213025;"Brzeszcze - obszar wiejski (5)";0,8;0,8;0,9;0,8;0,8;0,9;
1214000;"Powiat proszowicki";0,0;0,1;0,1;0,0;0,1;0,1;
1214053;"Proszowice (3)";0,0;0,1;0,1;0,0;0,1;0,1;
1214054;"Proszowice - miasto (4)";0,0;0,1;0,1;0,0;0,1;0,1;
1215000;"Powiat suski";0,6;0,6;0,6;0,6;0,6;0,6;
1215021;"Sucha Beskidzka (1)";0,6;0,6;0,6;0,6;0,6;0,6;
1216000;"Powiat tarnowski";0,8;1,3;2,3;0,0;0,4;0,4;
1216013;"Ciężkowice (3)";0,0;0,0;0,5;0,0;0,0;0,0;
1216014;"Ciężkowice - miasto (4)";0,0;0,0;0,5;0,0;0,0;0,0;
1216112;"Wierzchosławice (2)";0,0;0,0;0,5;0,0;0,0;0,0;
1216143;"Zakliczyn (3)";0,8;0,8;0,8;0,0;0,0;0,0;
1216145;"Zakliczyn - obszar wiejski (5)";0,8;0,8;0,8;0,0;0,0;0,0;
1216162;"Szerzyny (2)";0,0;0,5;0,5;0,0;0,4;0,4;
1217000;"Powiat tatrzański";2,7;2,7;2,7;0,5;0,5;0,5;
1217011;"Zakopane (1)";2,7;2,7;2,7;0,5;0,5;0,5;
1218000;"Powiat wadowicki";1,2;0,8;0,8;1,2;0,8;0,8;
1218013;"Andrychów (3)";0,1;0,1;0,1;0,1;0,1;0,1;
1218014;"Andrychów - miasto (4)";0,1;0,1;0,1;0,1;0,1;0,1;
1218033;"Kalwaria Zebrzydowska (3)";0,4;0,0;0,0;0,4;0,0;0,0;
1218034;"Kalwaria Zebrzydowska - miasto (4)";0,4;0,0;0,0;0,4;0,0;0,0;
1218093;"Wadowice (3)";0,7;0,7;0,7;0,7;0,7;0,7;
1218095;"Wadowice - obszar wiejski (5)";0,7;0,7;0,7;0,7;0,7;0,7;
1219000;"Powiat wielicki";8,2;7,8;7,8;7,0;6,6;6,6;
1219053;"Wieliczka (3)";8,2;7,8;7,8;7,0;6,6;6,6;
1219054;"Wieliczka - miasto (4)";8,2;7,8;7,8;7,0;6,6;6,6;
1262000;"Powiat m. Nowy Sącz";0,0;1,5;1,0;0,0;1,2;0,7;
1262011;"Nowy Sącz (1)";0,0;1,5;1,0;0,0;1,2;0,7;
1263000;"Powiat m. Tarnów";12,1;8,9;2,7;1,2;1,2;0,5;
1263011;"Tarnów (1)";12,1;8,9;2,7;1,2;1,2;0,5;
1400000;"MAZOWIECKIE";430,0;423,5;509,7;312,8;307,3;300,8;
1401000;"Powiat białobrzeski";1,1;1,1;1,1;1,1;1,1;1,1;
1401013;"Białobrzegi (3)";1,1;1,1;1,1;1,1;1,1;1,1;
1401014;"Białobrzegi - miasto (4)";1,1;1,1;1,1;1,1;1,1;1,1;
1402000;"Powiat ciechanowski";1,0;1,0;1,0;0,5;0,5;0,5;
1402042;"Gołymin-Ośrodek (2)";0,5;0,5;0,5;0,0;0,0;0,0;
1402072;"Opinogóra Górna (2)";0,4;0,4;0,4;0,4;0,4;0,4;
1402082;"Regimin (2)";0,1;0,1;0,1;0,1;0,1;0,1;
1403000;"Powiat garwoliński";2,5;1,9;1,2;2,5;1,9;1,2;
1403103;"Pilawa (3)";1,3;0,7;0,0;1,3;0,7;0,0;
1403104;"Pilawa - miasto (4)";0,7;0,7;0,0;0,7;0,7;0,0;
1403105;"Pilawa - obszar wiejski (5)";0,6;0,0;0,0;0,6;0,0;0,0;
1403112;"Sobolew (2)";1,2;1,2;1,2;1,2;1,2;1,2;
1404000;"Powiat gostyniński";2,7;2,7;2,7;2,7;2,7;2,7;
1404011;"Gostynin (1)";2,7;2,7;2,7;2,7;2,7;2,7;
1405000;"Powiat grodziski";1,9;2,0;1,9;1,3;1,4;1,3;
1405011;"Milanówek (1)";0,6;0,6;0,6;0,0;0,0;0,0;
1405043;"Grodzisk Mazowiecki (3)";0,0;0,1;0,0;0,0;0,1;0,0;
1405044;"Grodzisk Mazowiecki - miasto (4)";0,0;0,1;0,0;0,0;0,1;0,0;
1405062;"Żabia Wola (2)";1,3;1,3;1,3;1,3;1,3;1,3;
1406000;"Powiat grójecki";0,2;4,2;4,2;0,2;4,2;4,2;
1406053;"Grójec (3)";0,2;0,2;0,2;0,2;0,2;0,2;
1406054;"Grójec - miasto (4)";0,2;0,2;0,2;0,2;0,2;0,2;
1406083;"Nowe Miasto nad Pilicą (3)";0,0;4,0;4,0;0,0;4,0;4,0;
1406084;"Nowe Miasto nad Pilicą - miasto (4)";0,0;4,0;4,0;0,0;4,0;4,0;
1407000;"Powiat kozienicki";1,4;0,6;0,8;1,4;0,6;0,8;
1407053;"Kozienice (3)";1,4;0,6;0,8;1,4;0,6;0,8;
1407054;"Kozienice - miasto (4)";1,4;0,6;0,8;1,4;0,6;0,8;
1408000;"Powiat legionowski";8,2;8,2;8,2;1,7;1,7;1,7;
1408011;"Legionowo (1)";5,7;5,7;5,7;0,0;0,0;0,0;
1408022;"Jabłonna (2)";1,5;1,5;1,5;0,7;0,7;0,7;
1408032;"Nieporęt (2)";1,0;1,0;1,0;1,0;1,0;1,0;
1411000;"Powiat makowski";0,2;0,2;0,2;0,2;0,2;0,2;
1411073;"Różan (3)";0,2;0,2;0,2;0,2;0,2;0,2;
1411074;"Różan - miasto (4)";0,2;0,2;0,2;0,2;0,2;0,2;
1412000;"Powiat miński";5,5;4,9;4,9;5,5;4,9;4,9;
1412011;"Mińsk Mazowiecki (1)";4,9;4,9;4,9;4,9;4,9;4,9;
1412132;"Siennica (2)";0,6;0,0;0,0;0,6;0,0;0,0;
1413000;"Powiat mławski";2,2;2,0;2,2;0,5;0,3;0,3;
1413011;"Mława (1)";2,1;1,9;2,1;0,4;0,2;0,2;
1413032;"Lipowiec Kościelny (2)";0,1;0,1;0,1;0,1;0,1;0,1;
1414000;"Powiat nowodworski";12,5;12,5;13,6;12,5;12,5;13,6;
1414011;"Nowy Dwór Mazowiecki (1)";12,5;12,5;12,5;12,5;12,5;12,5;
1414063;"Zakroczym (3)";0,0;0,0;1,1;0,0;0,0;1,1;
1414064;"Zakroczym - miasto (4)";0,0;0,0;1,1;0,0;0,0;1,1;
1416000;"Powiat ostrowski";2,5;2,5;2,5;2,5;2,5;2,5;
1416011;"Ostrów Mazowiecka (1)";1,1;1,1;1,1;1,1;1,1;1,1;
1416062;"Nur (2)";1,4;1,4;1,4;1,4;1,4;1,4;
1417000;"Powiat otwocki";6,5;5,3;5,2;6,5;5,3;5,2;
1417011;"Józefów (1)";1,7;0,9;0,9;1,7;0,9;0,9;
1417021;"Otwock (1)";4,8;4,4;4,3;4,8;4,4;4,3;
1418000;"Powiat piaseczyński";7,0;8,5;6,9;4,9;6,4;4,6;
1418013;"Góra Kalwaria (3)";3,8;3,8;3,4;2,2;2,2;1,8;
1418014;"Góra Kalwaria - miasto (4)";2,6;2,6;2,6;1,0;1,0;1,0;
1418015;"Góra Kalwaria - obszar wiejski (5)";1,2;1,2;0,8;1,2;1,2;0,8;
1418023;"Konstancin-Jeziorna (3)";0,0;0,2;0,0;0,0;0,2;0,0;
1418024;"Konstancin-Jeziorna - miasto (4)";0,0;0,2;0,0;0,0;0,2;0,0;
1418043;"Piaseczno (3)";3,2;4,5;3,5;2,7;4,0;2,8;
1418044;"Piaseczno - miasto (4)";2,6;4,0;3,0;2,5;3,9;2,7;
1418045;"Piaseczno - obszar wiejski (5)";0,6;0,5;0,5;0,2;0,1;0,1;
1419000;"Powiat płocki";2,7;2,5;2,5;2,7;2,5;2,5;
1419053;"Drobin (3)";1,4;1,4;1,4;1,4;1,4;1,4;
1419054;"Drobin - miasto (4)";1,4;1,4;1,4;1,4;1,4;1,4;
1419063;"Gąbin (3)";1,3;1,1;1,1;1,3;1,1;1,1;
1419064;"Gąbin - miasto (4)";1,3;1,1;1,1;1,3;1,1;1,1;
1420000;"Powiat płoński";3,1;4,0;3,4;2,5;2,6;2,1;
1420011;"Płońsk (1)";3,1;4,0;3,4;2,5;2,6;2,1;
1421000;"Powiat pruszkowski";7,4;2,8;2,8;7,4;2,8;2,8;
1421011;"Piastów (1)";1,0;0,8;0,8;1,0;0,8;0,8;
1421021;"Pruszków (1)";4,4;0,0;0,0;4,4;0,0;0,0;
1421062;"Raszyn (2)";2,0;2,0;2,0;2,0;2,0;2,0;
1423000;"Powiat przysuski";0,5;0,5;0,0;0,5;0,5;0,0;
1423082;"Wieniawa (2)";0,5;0,5;0,0;0,5;0,5;0,0;
1424000;"Powiat pułtuski";1,4;1,7;1,7;1,4;1,7;1,7;
1424062;"Winnica (2)";1,4;1,7;1,7;1,4;1,7;1,7;
1425000;"Powiat radomski";8,5;8,5;8,5;8,5;8,5;8,5;
1425033;"Iłża (3)";1,0;1,0;1,0;1,0;1,0;1,0;
1425034;"Iłża - miasto (4)";1,0;1,0;1,0;1,0;1,0;1,0;
1425112;"Wierzbica (2)";7,5;7,5;7,5;7,5;7,5;7,5;
1427000;"Powiat sierpecki";3,9;3,6;3,6;3,9;3,6;3,6;
1427011;"Sierpc (1)";3,9;3,6;3,6;3,9;3,6;3,6;
1428000;"Powiat sochaczewski";3,1;3,1;3,1;3,1;3,1;3,1;
1428011;"Sochaczew (1)";3,1;3,1;3,1;3,1;3,1;3,1;
1429000;"Powiat sokołowski";0,5;0,0;0,0;0,5;0,0;0,0;
1429011;"Sokołów Podlaski (1)";0,5;0,0;0,0;0,5;0,0;0,0;
1432000;"Powiat warszawski zachodni";3,5;3,5;2,7;3,5;3,5;2,7;
1432013;"Błonie (3)";0,6;0,6;0,6;0,6;0,6;0,6;
1432014;"Błonie - miasto (4)";0,6;0,6;0,6;0,6;0,6;0,6;
1432053;"Łomianki (3)";1,8;1,8;1,8;1,8;1,8;1,8;
1432054;"Łomianki - miasto (4)";1,2;1,2;1,2;1,2;1,2;1,2;
1432055;"Łomianki - obszar wiejski (5)";0,6;0,6;0,6;0,6;0,6;0,6;
1432063;"Ożarów Mazowiecki (3)";0,8;0,8;0,0;0,8;0,8;0,0;
1432065;"Ożarów Mazowiecki - obszar wiejski (5)";0,8;0,8;0,0;0,8;0,8;0,0;
1432072;"Stare Babice (2)";0,3;0,3;0,3;0,3;0,3;0,3;
1433000;"Powiat węgrowski";3,2;1,6;1,3;3,0;1,4;1,1;
1433011;"Węgrów (1)";1,6;1,6;1,3;1,4;1,4;1,1;
1433053;"Łochów (3)";1,6;0,0;0,0;1,6;0,0;0,0;
1433054;"Łochów - miasto (4)";1,6;0,0;0,0;1,6;0,0;0,0;
1434000;"Powiat wołomiński";4,5;6,7;4,3;4,2;6,6;4,2;
1434011;"Kobyłka (1)";1,3;1,3;1,3;1,3;1,3;1,3;
1434021;"Marki (1)";1,7;1,7;1,7;1,7;1,7;1,7;
1434031;"Ząbki (1)";0,1;0,1;0,1;0,0;0,0;0,0;
1434041;"Zielonka (1)";0,9;0,9;0,9;0,9;0,9;0,9;
1434072;"Klembów (2)";0,0;0,2;0,2;0,0;0,2;0,2;
1434123;"Wołomin (3)";0,5;2,5;0,1;0,3;2,5;0,1;
1434124;"Wołomin - miasto (4)";0,5;2,5;0,1;0,3;2,5;0,1;
1435000;"Powiat wyszkowski";0,7;0,7;1,3;0,7;0,7;1,3;
1435053;"Wyszków (3)";0,7;0,7;1,3;0,7;0,7;1,3;
1435054;"Wyszków - miasto (4)";0,7;0,7;1,3;0,7;0,7;1,3;
1437000;"Powiat żuromiński";0,5;0,5;0,0;0,0;0,0;0,0;
1437033;"Lubowidz (3)";0,5;0,5;0,0;0,0;0,0;0,0;
1437034;"Lubowidz - miasto (4)";0,5;0,5;0,0;0,0;0,0;0,0;
1438000;"Powiat żyrardowski";11,6;10,5;9,9;11,3;10,2;9,6;
1438011;"Żyrardów (1)";11,6;10,5;9,9;11,3;10,2;9,6;
1462000;"Powiat m. Płock";23,2;23,2;23,0;2,0;2,0;1,8;
1462011;"Płock (1)";23,2;23,2;23,0;2,0;2,0;1,8;
1463000;"Powiat m. Radom";0,0;0,0;87,5;0,0;0,0;0,0;
1463011;"Radom (1)";0,0;0,0;87,5;0,0;0,0;0,0;
1465000;"Powiat m. st. Warszawa";296,3;292,5;297,5;213,6;211,4;211,0;
1465011;"M.st.Warszawa od 2002 (1)";296,3;292,5;297,5;213,6;211,4;211,0;
1465028;"Bemowo - dzielnica (8)";0,8;0,4;0,2;0,8;0,4;0,2;
1465038;"Białołęka - dzielnica (8)";51,8;51,8;52,1;51,8;51,8;52,1;
1465048;"Bielany - dzielnica (8)";15,1;13,8;13,7;15,1;13,8;13,7;
1465058;"Mokotów - dzielnica (8)";38,9;38,9;37,0;26,9;26,9;25,0;
1465078;"Praga-Południe - dzielnica (8)";30,5;30,5;30,5;30,5;30,5;30,5;
1465098;"Rembertów - dzielnica (8)";0,0;0,0;4,5;0,0;0,0;2,7;
1465118;"Targówek - dzielnica (8)";1,7;1,6;1,4;0,0;0,0;0,0;
1465128;"Ursus - dzielnica (8)";0,6;0,6;0,6;0,6;0,6;0,6;
1465138;"Ursynów - dzielnica (8)";0,6;0,5;0,5;0,0;0,0;0,0;
1465148;"Wawer - dzielnica (8)";60,9;59,5;63,3;0,0;0,0;0,0;
1465168;"Wilanów - dzielnica (8)";0,3;0,3;0,3;0,3;0,3;0,3;
1465178;"Włochy - dzielnica (8)";83,1;82,6;81,4;83,1;82,6;81,4;
1465198;"Żoliborz - dzielnica (8)";12,0;12,0;12,0;4,5;4,5;4,5;
1600000;"OPOLSKIE";135,2;142,4;144,3;30,0;37,0;38,4;
1601000;"Powiat brzeski";7,3;7,9;7,9;1,5;2,4;2,4;
1601011;"Brzeg (1)";6,4;5,9;5,9;0,8;0,8;0,8;
1601022;"Skarbimierz (2)";0,0;0,9;0,9;0,0;0,9;0,9;
1601033;"Grodków (3)";0,7;0,7;0,7;0,7;0,7;0,7;
1601034;"Grodków - miasto (4)";0,7;0,7;0,7;0,7;0,7;0,7;
1601043;"Lewin Brzeski (3)";0,2;0,4;0,4;0,0;0,0;0,0;
1601044;"Lewin Brzeski - miasto (4)";0,2;0,4;0,4;0,0;0,0;0,0;
1602000;"Powiat głubczycki";14,4;13,5;15,3;2,4;1,5;3,0;
1602022;"Branice (2)";0,0;0,0;0,3;0,0;0,0;0,0;
1602033;"Głubczyce (3)";13,4;13,4;13,4;1,4;1,4;1,4;
1602034;"Głubczyce - miasto (4)";13,4;13,4;13,4;1,4;1,4;1,4;
1602043;"Kietrz (3)";1,0;0,1;1,6;1,0;0,1;1,6;
1602044;"Kietrz - miasto (4)";1,0;0,1;1,6;1,0;0,1;1,6;
1603000;"Powiat kędzierzyńsko-kozielski";1,3;1,3;0,9;1,3;1,3;0,9;
1603022;"Bierawa (2)";1,3;1,3;0,9;1,3;1,3;0,9;
1604000;"Powiat kluczborski";12,9;12,4;11,8;3,4;2,9;2,9;
1604023;"Kluczbork (3)";2,8;2,3;1,9;1,5;1,0;1,0;
1604024;"Kluczbork - miasto (4)";2,0;1,5;1,1;0,7;0,2;0,2;
1604025;"Kluczbork - obszar wiejski (5)";0,8;0,8;0,8;0,8;0,8;0,8;
1604043;"Wołczyn (3)";10,1;10,1;9,9;1,9;1,9;1,9;
1604044;"Wołczyn - miasto (4)";10,1;10,1;9,9;1,9;1,9;1,9;
1605000;"Powiat krapkowicki";2,5;1,9;2,5;2,5;1,9;1,9;
1605013;"Gogolin (3)";0,2;0,0;0,0;0,2;0,0;0,0;
1605014;"Gogolin - miasto (4)";0,2;0,0;0,0;0,2;0,0;0,0;
1605042;"Walce (2)";1,0;1,0;1,0;1,0;1,0;1,0;
1605053;"Zdzieszowice (3)";1,3;0,9;1,5;1,3;0,9;0,9;
1605054;"Zdzieszowice - miasto (4)";1,3;0,9;1,5;1,3;0,9;0,9;
1607000;"Powiat nyski";44,8;44,8;45,2;4,6;4,6;4,6;
1607013;"Głuchołazy (3)";0,1;0,1;0,1;0,1;0,1;0,1;
1607014;"Głuchołazy - miasto (4)";0,1;0,1;0,1;0,1;0,1;0,1;
1607033;"Korfantów (3)";0,3;0,3;0,3;0,3;0,3;0,3;
1607034;"Korfantów - miasto (4)";0,3;0,3;0,3;0,3;0,3;0,3;
1607053;"Nysa (3)";41,8;41,8;41,8;1,8;1,8;1,8;
1607054;"Nysa - miasto (4)";41,8;41,8;41,8;1,8;1,8;1,8;
1607063;"Otmuchów (3)";0,0;0,0;0,4;0,0;0,0;0,0;
1607065;"Otmuchów - obszar wiejski (5)";0,0;0,0;0,4;0,0;0,0;0,0;
1607073;"Paczków (3)";2,6;2,6;2,6;2,4;2,4;2,4;
1607074;"Paczków - miasto (4)";2,6;2,6;2,6;2,4;2,4;2,4;
1608000;"Powiat oleski";22,2;22,2;22,2;0,0;0,0;0,0;
1608033;"Olesno (3)";7,6;7,6;7,6;0,0;0,0;0,0;
1608034;"Olesno - miasto (4)";7,6;7,6;7,6;0,0;0,0;0,0;
1608043;"Praszka (3)";14,6;14,6;14,6;0,0;0,0;0,0;
1608044;"Praszka - miasto (4)";14,6;14,6;14,6;0,0;0,0;0,0;
1609000;"Powiat opolski";5,4;5,4;5,4;5,4;5,4;5,4;
1609073;"Niemodlin (3)";3,7;3,7;3,7;3,7;3,7;3,7;
1609074;"Niemodlin - miasto (4)";1,5;1,5;1,5;1,5;1,5;1,5;
1609075;"Niemodlin - obszar wiejski (5)";2,2;2,2;2,2;2,2;2,2;2,2;
1609123;"Tułowice (3)";1,7;1,7;1,7;1,7;1,7;1,7;
1609124;"Tułowice - miasto (4)";1,7;1,7;1,7;1,7;1,7;1,7;
1610000;"Powiat prudnicki";13,5;13,3;12,4;2,9;2,9;2,8;
1610013;"Biała (3)";0,3;0,3;0,3;0,3;0,3;0,3;
1610014;"Biała - miasto (4)";0,3;0,3;0,3;0,3;0,3;0,3;
1610023;"Głogówek (3)";2,6;2,6;2,5;2,6;2,6;2,5;
1610024;"Głogówek - miasto (4)";2,6;2,6;2,5;2,6;2,6;2,5;
1610043;"Prudnik (3)";10,6;10,4;9,6;0,0;0,0;0,0;
1610044;"Prudnik - miasto (4)";10,6;10,4;9,6;0,0;0,0;0,0;
1611000;"Powiat strzelecki";6,3;6,3;6,1;4,3;4,3;4,1;
1611012;"Izbicko (2)";0,3;0,3;0,3;0,3;0,3;0,3;
1611033;"Kolonowskie (3)";0,8;0,8;0,6;0,8;0,8;0,6;
1611034;"Kolonowskie - miasto (4)";0,8;0,8;0,6;0,8;0,8;0,6;
1611043;"Leśnica (3)";0,5;0,5;0,5;0,5;0,5;0,5;
1611044;"Leśnica - miasto (4)";0,5;0,5;0,5;0,5;0,5;0,5;
1611053;"Strzelce Opolskie (3)";4,6;4,6;4,6;2,6;2,6;2,6;
1611054;"Strzelce Opolskie - miasto (4)";4,6;4,6;4,6;2,6;2,6;2,6;
1611073;"Zawadzkie (3)";0,1;0,1;0,1;0,1;0,1;0,1;
1611074;"Zawadzkie - miasto (4)";0,1;0,1;0,1;0,1;0,1;0,1;
1661000;"Powiat m. Opole";4,6;13,4;14,6;1,7;9,8;10,4;
1661011;"Opole (1)";4,6;13,4;14,6;1,7;9,8;10,4;
1800000;"PODKARPACKIE";71,2;69,7;75,4;27,2;27,9;33,1;
1801000;"Powiat bieszczadzki";2,1;2,1;2,4;2,1;2,1;2,4;
1801083;"Ustrzyki Dolne (3)";2,1;2,1;2,4;2,1;2,1;2,4;
1801084;"Ustrzyki Dolne - miasto (4)";2,1;2,1;2,4;2,1;2,1;2,4;
1802000;"Powiat brzozowski";3,4;3,4;3,4;0,0;0,0;0,0;
1802013;"Brzozów (3)";3,4;3,4;3,4;0,0;0,0;0,0;
1802014;"Brzozów - miasto (4)";3,4;3,4;3,4;0,0;0,0;0,0;
1803000;"Powiat dębicki";0,8;0,8;0,8;0,8;0,8;0,8;
1803011;"Dębica (1)";0,8;0,8;0,8;0,8;0,8;0,8;
1804000;"Powiat jarosławski";2,9;2,9;2,9;0,2;0,2;0,2;
1804011;"Jarosław (1)";2,8;2,8;2,8;0,1;0,1;0,1;
1804042;"Jarosław (2)";0,1;0,1;0,1;0,1;0,1;0,1;
1805000;"Powiat jasielski";0,0;0,0;0,1;0,0;0,0;0,0;
1805011;"Jasło (1)";0,0;0,0;0,1;0,0;0,0;0,0;
1806000;"Powiat kolbuszowski";0,0;0,8;0,0;0,0;0,8;0,0;
1806023;"Kolbuszowa (3)";0,0;0,8;0,0;0,0;0,8;0,0;
1806024;"Kolbuszowa - miasto (4)";0,0;0,8;0,0;0,0;0,8;0,0;
1808000;"Powiat leżajski";0,7;0,6;0,6;0,7;0,6;0,6;
1808053;"Nowa Sarzyna (3)";0,7;0,6;0,6;0,7;0,6;0,6;
1808054;"Nowa Sarzyna - miasto (4)";0,7;0,6;0,6;0,7;0,6;0,6;
1809000;"Powiat lubaczowski";16,2;16,2;16,2;15,0;15,0;15,0;
1809011;"Lubaczów (1)";15,0;15,0;15,0;15,0;15,0;15,0;
1809023;"Cieszanów (3)";1,2;1,2;1,2;0,0;0,0;0,0;
1809024;"Cieszanów - miasto (4)";1,2;1,2;1,2;0,0;0,0;0,0;
1811000;"Powiat mielecki";11,5;9,3;9,3;5,4;3,2;3,2;
1811011;"Mielec (1)";11,1;8,9;8,9;5,0;2,8;2,8;
1811083;"Radomyśl Wielki (3)";0,4;0,4;0,4;0,4;0,4;0,4;
1811084;"Radomyśl Wielki - miasto (4)";0,4;0,4;0,4;0,4;0,4;0,4;
1812000;"Powiat niżański";0,0;0,0;1,5;0,0;0,0;1,5;
1812053;"Nisko (3)";0,0;0,0;1,5;0,0;0,0;1,5;
1812054;"Nisko - miasto (4)";0,0;0,0;1,5;0,0;0,0;1,5;
1813000;"Powiat przemyski";0,7;0,7;0,7;0,7;0,7;0,7;
1813092;"Stubno (2)";0,7;0,7;0,7;0,7;0,7;0,7;
1814000;"Powiat przeworski";0,2;0,2;0,0;0,2;0,2;0,0;
1814073;"Sieniawa (3)";0,2;0,2;0,0;0,2;0,2;0,0;
1814074;"Sieniawa - miasto (4)";0,2;0,2;0,0;0,2;0,2;0,0;
1815000;"Powiat ropczycko-sędziszowski";0,1;0,3;0,3;0,1;0,3;0,3;
1815033;"Ropczyce (3)";0,1;0,3;0,3;0,1;0,3;0,3;
1815034;"Ropczyce - miasto (4)";0,1;0,3;0,3;0,1;0,3;0,3;
1816000;"Powiat rzeszowski";1,6;4,5;7,4;0,2;0,2;4,1;
1816011;"Dynów (1)";0,2;0,2;0,2;0,2;0,2;0,2;
1816023;"Błażowa (3)";1,4;1,4;1,4;0,0;0,0;0,0;
1816024;"Błażowa - miasto (4)";1,4;1,4;1,4;0,0;0,0;0,0;
1816063;"Głogów Małopolski (3)";0,0;2,9;1,9;0,0;0,0;0,0;
1816064;"Głogów Małopolski - miasto (4)";0,0;2,9;1,9;0,0;0,0;0,0;
1816132;"Trzebownisko (2)";0,0;0,0;3,9;0,0;0,0;3,9;
1817000;"Powiat sanocki";0,6;0,3;0,8;0,6;0,3;0,8;
1817011;"Sanok (1)";0,3;0,3;0,8;0,3;0,3;0,8;
1817042;"Komańcza (2)";0,3;0,0;0,0;0,3;0,0;0,0;
1818000;"Powiat stalowowolski";4,0;4,0;4,0;0,0;2,0;2,0;
1818011;"Stalowa Wola (1)";4,0;4,0;4,0;0,0;2,0;2,0;
1820000;"Powiat tarnobrzeski";0,1;0,4;0,4;0,1;0,4;0,4;
1820043;"Nowa Dęba (3)";0,1;0,4;0,4;0,1;0,4;0,4;
1820044;"Nowa Dęba - miasto (4)";0,1;0,4;0,4;0,1;0,4;0,4;
1861000;"Powiat m. Krosno";1,1;1,1;1,1;1,1;1,1;1,1;
1861011;"Krosno (1)";1,1;1,1;1,1;1,1;1,1;1,1;
1862000;"Powiat m. Przemyśl";1,7;0,4;1,8;0,0;0,0;0,0;
1862011;"Przemyśl (1)";1,7;0,4;1,8;0,0;0,0;0,0;
1863000;"Powiat m. Rzeszów";23,5;21,7;21,7;0,0;0,0;0,0;
1863011;"Rzeszów (1)";23,5;21,7;21,7;0,0;0,0;0,0;
2000000;"PODLASKIE";67,2;64,6;65,4;54,6;54,6;55,4;
2001000;"Powiat augustowski";4,3;4,3;4,3;4,3;4,3;4,3;
2001011;"Augustów (1)";4,3;4,3;4,3;4,3;4,3;4,3;
2002000;"Powiat białostocki";10,7;9,6;11,4;10,7;9,6;11,4;
2002023;"Czarna Białostocka (3)";2,5;2,5;2,5;2,5;2,5;2,5;
2002024;"Czarna Białostocka - miasto (4)";2,5;2,5;2,5;2,5;2,5;2,5;
2002042;"Gródek (2)";0,0;0,0;1,8;0,0;0,0;1,8;
2002063;"Łapy (3)";1,8;1,5;1,5;1,8;1,5;1,5;
2002064;"Łapy - miasto (4)";1,8;1,5;1,5;1,8;1,5;1,5;
2002123;"Tykocin (3)";0,3;0,3;0,3;0,3;0,3;0,3;
2002124;"Tykocin - miasto (4)";0,3;0,3;0,3;0,3;0,3;0,3;
2002133;"Wasilków (3)";6,1;5,3;5,3;6,1;5,3;5,3;
2002134;"Wasilków - miasto (4)";6,1;5,3;5,3;6,1;5,3;5,3;
2003000;"Powiat bielski";2,2;2,2;2,2;2,2;2,2;2,2;
2003011;"Bielsk Podlaski (1)";2,2;2,2;2,2;2,2;2,2;2,2;
2004000;"Powiat grajewski";11,7;11,7;11,7;11,7;11,7;11,7;
2004011;"Grajewo (1)";11,7;11,7;11,7;11,7;11,7;11,7;
2005000;"Powiat hajnowski";0,5;0,5;0,5;0,5;0,5;0,5;
2005092;"Narewka (2)";0,5;0,5;0,5;0,5;0,5;0,5;
2006000;"Powiat kolneński";1,2;1,2;1,2;1,2;1,2;1,2;
2006053;"Stawiski (3)";1,2;1,2;1,2;1,2;1,2;1,2;
2006054;"Stawiski - miasto (4)";1,2;1,2;1,2;1,2;1,2;1,2;
2007000;"Powiat łomżyński";1,0;1,0;1,0;0,0;1,0;1,0;
2007013;"Jedwabne (3)";1,0;1,0;1,0;0,0;1,0;1,0;
2007014;"Jedwabne - miasto (4)";1,0;1,0;1,0;0,0;1,0;1,0;
2008000;"Powiat moniecki";0,0;0,9;0,9;0,0;0,9;0,9;
2008063;"Mońki (3)";0,0;0,9;0,9;0,0;0,9;0,9;
2008064;"Mońki - miasto (4)";0,0;0,9;0,9;0,0;0,9;0,9;
2009000;"Powiat sejneński";1,2;1,2;1,2;0,1;0,1;0,1;
2009011;"Sejny (1)";0,8;0,8;0,8;0,0;0,0;0,0;
2009042;"Puńsk (2)";0,3;0,3;0,3;0,0;0,0;0,0;
2009052;"Sejny (2)";0,1;0,1;0,1;0,1;0,1;0,1;
2010000;"Powiat siemiatycki";13,0;10,5;10,5;2,7;2,7;2,7;
2010011;"Siemiatycze (1)";10,3;7,8;7,8;0,0;0,0;0,0;
2010062;"Milejczyce (2)";2,4;2,4;2,4;2,4;2,4;2,4;
2010072;"Nurzec-Stacja (2)";0,3;0,3;0,3;0,3;0,3;0,3;
2011000;"Powiat sokólski";4,1;4,1;4,1;4,1;4,1;4,1;
2011013;"Dąbrowa Białostocka (3)";0,2;0,2;0,2;0,2;0,2;0,2;
2011014;"Dąbrowa Białostocka - miasto (4)";0,2;0,2;0,2;0,2;0,2;0,2;
2011062;"Nowy Dwór (2)";3,9;3,9;3,9;3,9;3,9;3,9;
2013000;"Powiat wysokomazowiecki";0,2;1,1;1,1;0,0;0,0;0,0;
2013011;"Wysokie Mazowieckie (1)";0,2;1,1;1,1;0,0;0,0;0,0;
2014000;"Powiat zambrowski";0,0;0,0;1,8;0,0;0,0;1,8;
2014011;"Zambrów (1)";0,0;0,0;1,8;0,0;0,0;1,8;
2061000;"Powiat m. Białystok";15,0;14,8;12,4;15,0;14,8;12,4;
2061011;"Białystok (1)";15,0;14,8;12,4;15,0;14,8;12,4;
2062000;"Powiat m. Łomża";1,3;0,7;0,7;1,3;0,7;0,7;
2062011;"Łomża (1)";1,3;0,7;0,7;1,3;0,7;0,7;
2063000;"Powiat m. Suwałki";0,8;0,8;0,4;0,8;0,8;0,4;
2063011;"Suwałki (1)";0,8;0,8;0,4;0,8;0,8;0,4;
2200000;"POMORSKIE";937,7;931,4;933,5;817,0;811,4;809,0;
2201000;"Powiat bytowski";3,9;3,9;3,9;3,4;3,4;3,4;
2201042;"Kołczygłowy (2)";0,5;0,5;0,5;0,0;0,0;0,0;
2201063;"Miastko (3)";2,9;2,9;2,9;2,9;2,9;2,9;
2201064;"Miastko - miasto (4)";2,9;2,9;2,9;2,9;2,9;2,9;
2201102;"Tuchomie (2)";0,5;0,5;0,5;0,5;0,5;0,5;
2202000;"Powiat chojnicki";11,5;11,5;11,9;1,7;1,7;1,1;
2202011;"Chojnice (1)";9,8;9,8;10,8;0,0;0,0;0,0;
2202043;"Czersk (3)";1,7;1,7;1,1;1,7;1,7;1,1;
2202044;"Czersk - miasto (4)";1,7;1,7;1,1;1,7;1,7;1,1;
2203000;"Powiat człuchowski";8,0;8,0;7,5;3,2;3,2;3,2;
2203011;"Człuchów (1)";2,2;2,2;1,7;0,0;0,0;0,0;
2203023;"Czarne (3)";1,4;1,4;1,4;1,4;1,4;1,4;
2203024;"Czarne - miasto (4)";1,4;1,4;1,4;1,4;1,4;1,4;
2203043;"Debrzno (3)";3,8;3,8;3,8;1,2;1,2;1,2;
2203044;"Debrzno - miasto (4)";3,8;3,8;3,8;1,2;1,2;1,2;
2203052;"Koczała (2)";0,6;0,6;0,6;0,6;0,6;0,6;
2204000;"Powiat gdański";3,3;2,6;2,6;2,3;2,0;2,0;
2204011;"Pruszcz Gdański (1)";2,2;1,8;1,8;1,2;1,2;1,2;
2204022;"Cedry Wielkie (2)";1,1;0,8;0,8;1,1;0,8;0,8;
2205000;"Powiat kartuski";1,0;1,0;1,0;1,0;1,0;1,0;
2205023;"Kartuzy (3)";1,0;1,0;1,0;1,0;1,0;1,0;
2205024;"Kartuzy - miasto (4)";1,0;1,0;1,0;1,0;1,0;1,0;
2206000;"Powiat kościerski";1,2;0,0;1,0;0,0;0,0;1,0;
2206011;"Kościerzyna (1)";1,2;0,0;0,0;0,0;0,0;0,0;
2206042;"Kościerzyna (2)";0,0;0,0;1,0;0,0;0,0;1,0;
2207000;"Powiat kwidzyński";52,2;52,0;52,0;19,1;18,9;18,9;
2207011;"Kwidzyn (1)";48,1;47,9;47,9;15,0;14,8;14,8;
2207032;"Kwidzyn (2)";0,4;0,4;0,4;0,4;0,4;0,4;
2207043;"Prabuty (3)";3,7;3,7;3,7;3,7;3,7;3,7;
2207044;"Prabuty - miasto (4)";3,7;3,7;3,7;3,7;3,7;3,7;
2208000;"Powiat lęborski";10,7;9,8;18,6;8,4;7,5;8,3;
2208011;"Lębork (1)";10,7;9,8;17,8;8,4;7,5;7,5;
2208042;"Nowa Wieś Lęborska (2)";0,0;0,0;0,8;0,0;0,0;0,8;
2209000;"Powiat malborski";47,5;45,1;43,9;44,0;42,0;41,7;
2209011;"Malbork (1)";44,4;42,0;41,7;44,0;42,0;41,7;
2209073;"Nowy Staw (3)";3,1;3,1;2,2;0,0;0,0;0,0;
2209074;"Nowy Staw - miasto (4)";3,1;3,1;2,2;0,0;0,0;0,0;
2210000;"Powiat nowodworski";1,7;1,9;1,9;1,7;1,7;1,9;
2210011;"Krynica Morska (1)";0,0;0,2;0,2;0,0;0,0;0,2;
2210052;"Sztutowo (2)";1,7;1,7;1,7;1,7;1,7;1,7;
2211000;"Powiat pucki";38,9;37,0;37,0;18,9;18,3;18,3;
2211023;"Jastarnia (3)";31,9;31,8;31,8;16,0;15,9;15,9;
2211024;"Jastarnia - miasto (4)";21,6;21,6;21,6;13,3;13,3;13,3;
2211025;"Jastarnia - obszar wiejski (5)";10,3;10,2;10,2;2,7;2,6;2,6;
2211031;"Puck (1)";6,2;4,9;4,9;2,4;2,4;2,4;
2211043;"Władysławowo (3)";0,3;0,3;0,3;0,0;0,0;0,0;
2211044;"Władysławowo - miasto (4)";0,3;0,3;0,3;0,0;0,0;0,0;
2211062;"Krokowa (2)";0,5;0,0;0,0;0,5;0,0;0,0;
2212000;"Powiat słupski";7,4;7,4;7,1;6,8;6,8;6,5;
2212011;"Ustka (1)";6,8;6,8;6,5;6,8;6,8;6,5;
2212053;"Kępice (3)";0,6;0,6;0,6;0,0;0,0;0,0;
2212055;"Kępice - obszar wiejski (5)";0,6;0,6;0,6;0,0;0,0;0,0;
2213000;"Powiat starogardzki";4,8;7,6;6,0;1,4;2,3;2,3;
2213021;"Skórcz (1)";0,3;0,0;1,4;0,3;0,0;0,0;
2213031;"Starogard Gdański (1)";3,9;6,8;4,5;1,0;2,3;2,3;
2213062;"Lubichowo (2)";0,1;0,0;0,0;0,1;0,0;0,0;
2213093;"Skarszewy (3)";0,5;0,8;0,1;0,0;0,0;0,0;
2213095;"Skarszewy - obszar wiejski (5)";0,5;0,8;0,1;0,0;0,0;0,0;
2214000;"Powiat tczewski";8,2;8,0;6,7;0,1;0,1;0,1;
2214011;"Tczew (1)";3,4;3,2;1,9;0,0;0,0;0,0;
2214023;"Gniew (3)";2,2;2,2;2,2;0,1;0,1;0,1;
2214024;"Gniew - miasto (4)";0,4;0,4;0,4;0,0;0,0;0,0;
2214025;"Gniew - obszar wiejski (5)";1,8;1,8;1,8;0,1;0,1;0,1;
2214043;"Pelplin (3)";2,6;2,6;2,6;0,0;0,0;0,0;
2214044;"Pelplin - miasto (4)";2,6;2,6;2,6;0,0;0,0;0,0;
2215000;"Powiat wejherowski";20,2;20,7;20,7;0,1;0,1;0,1;
2215011;"Reda (1)";0,1;0,1;0,3;0,1;0,1;0,1;
2215031;"Wejherowo (1)";9,9;9,9;9,7;0,0;0,0;0,0;
2215042;"Choczewo (2)";0,0;0,5;0,5;0,0;0,0;0,0;
2215052;"Gniewino (2)";1,4;1,4;1,4;0,0;0,0;0,0;
2215102;"Wejherowo (2)";8,8;8,8;8,8;0,0;0,0;0,0;
2216000;"Powiat sztumski";7,4;7,4;7,4;7,4;7,4;7,4;
2216013;"Dzierzgoń (3)";1,8;1,8;1,8;1,8;1,8;1,8;
2216014;"Dzierzgoń - miasto (4)";1,8;1,8;1,8;1,8;1,8;1,8;
2216053;"Sztum (3)";5,6;5,6;5,6;5,6;5,6;5,6;
2216054;"Sztum - miasto (4)";5,6;5,6;5,6;5,6;5,6;5,6;
2261000;"Powiat m. Gdańsk";643,3;641,9;640,4;643,3;641,9;640,4;
2261011;"Gdańsk (1)";643,3;641,9;640,4;643,3;641,9;640,4;
2262000;"Powiat m. Gdynia";2,3;1,7;0,3;2,3;1,7;0,3;
2262011;"Gdynia (1)";2,3;1,7;0,3;2,3;1,7;0,3;
2263000;"Powiat m. Słupsk";16,7;16,4;16,1;4,4;3,9;3,6;
2263011;"Słupsk (1)";16,7;16,4;16,1;4,4;3,9;3,6;
2264000;"Powiat m. Sopot";47,5;47,5;47,5;47,5;47,5;47,5;
2264011;"Sopot (1)";47,5;47,5;47,5;47,5;47,5;47,5;
2400000;"ŚLĄSKIE";1083,2;1050,2;1097,9;674,7;669,5;699,1;
2401000;"Powiat będziński";4,8;4,0;34,4;0,2;0,2;32,5;
2401011;"Będzin (1)";4,8;4,0;2,1;0,2;0,2;0,2;
2401021;"Czeladź (1)";0,0;0,0;32,3;0,0;0,0;32,3;
2402000;"Powiat bielski";3,2;3,3;3,3;1,8;1,9;1,9;
2402043;"Czechowice-Dziedzice (3)";3,1;3,1;3,1;1,7;1,7;1,7;
2402044;"Czechowice-Dziedzice - miasto (4)";3,1;3,1;3,1;1,7;1,7;1,7;
2402052;"Jasienica (2)";0,0;0,1;0,1;0,0;0,1;0,1;
2402062;"Jaworze (2)";0,1;0,1;0,1;0,1;0,1;0,1;
2403000;"Powiat cieszyński";38,8;40,9;40,6;25,5;26,4;26,1;
2403011;"Cieszyn (1)";20,5;20,4;20,1;18,0;17,9;17,6;
2403021;"Ustroń (1)";12,4;12,4;12,4;1,6;1,6;1,6;
2403031;"Wisła (1)";0,0;1,0;1,0;0,0;1,0;1,0;
2403042;"Brenna (2)";0,7;0,7;0,7;0,7;0,7;0,7;
2403052;"Chybie (2)";0,0;1,2;1,2;0,0;0,0;0,0;
2403103;"Skoczów (3)";0,8;0,8;0,8;0,8;0,8;0,8;
2403104;"Skoczów - miasto (4)";0,8;0,8;0,8;0,8;0,8;0,8;
2403113;"Strumień (3)";4,4;4,4;4,4;4,4;4,4;4,4;
2403114;"Strumień - miasto (4)";4,4;4,4;4,4;4,4;4,4;4,4;
2404000;"Powiat częstochowski";2,4;2,4;0,8;0,4;0,4;0,8;
2404013;"Blachownia (3)";0,0;0,0;0,2;0,0;0,0;0,2;
2404014;"Blachownia - miasto (4)";0,0;0,0;0,2;0,0;0,0;0,2;
2404032;"Janów (2)";0,4;0,4;0,4;0,4;0,4;0,4;
2404063;"Koniecpol (3)";2,0;2,0;0,2;0,0;0,0;0,2;
2404064;"Koniecpol - miasto (4)";2,0;2,0;0,2;0,0;0,0;0,2;
2405000;"Powiat gliwicki";25,8;25,8;24,1;2,0;2,0;1,4;
2405011;"Knurów (1)";2,5;2,5;1,9;2,0;2,0;1,4;
2405032;"Gierałtowice (2)";23,3;23,3;22,2;0,0;0,0;0,0;
2406000;"Powiat kłobucki";1,0;0,2;0,2;0,2;0,2;0,2;
2406013;"Kłobuck (3)";1,0;0,2;0,2;0,2;0,2;0,2;
2406014;"Kłobuck - miasto (4)";0,2;0,2;0,2;0,2;0,2;0,2;
2406015;"Kłobuck - obszar wiejski (5)";0,8;0,0;0,0;0,0;0,0;0,0;
2407000;"Powiat lubliniecki";5,3;5,2;4,3;1,8;1,8;1,8;
2407011;"Lubliniec (1)";3,5;3,4;2,5;0,0;0,0;0,0;
2407022;"Boronów (2)";0,2;0,2;0,2;0,2;0,2;0,2;
2407032;"Ciasna (2)";0,3;0,3;0,3;0,3;0,3;0,3;
2407072;"Pawonków (2)";1,3;1,3;1,3;1,3;1,3;1,3;
2408000;"Powiat mikołowski";4,2;4,2;4,2;4,2;4,2;4,2;
2408011;"Łaziska Górne (1)";4,0;4,0;4,0;4,0;4,0;4,0;
2408042;"Ornontowice (2)";0,2;0,2;0,2;0,2;0,2;0,2;
2409000;"Powiat myszkowski";0,1;0,1;0,1;0,1;0,1;0,1;
2409011;"Myszków (1)";0,1;0,1;0,1;0,1;0,1;0,1;
2410000;"Powiat pszczyński";10,3;10,3;9,8;4,0;4,0;3,5;
2410042;"Pawłowice (2)";1,0;1,0;1,0;1,0;1,0;1,0;
2410053;"Pszczyna (3)";3,0;3,0;2,5;3,0;3,0;2,5;
2410054;"Pszczyna - miasto (4)";3,0;3,0;2,5;3,0;3,0;2,5;
2410062;"Suszec (2)";6,3;6,3;6,3;0,0;0,0;0,0;
2411000;"Powiat raciborski";4,7;4,9;4,2;3,1;3,3;2,7;
2411011;"Racibórz (1)";2,7;1,7;1,9;2,7;1,7;1,7;
2411053;"Kuźnia Raciborska (3)";0,7;0,9;0,0;0,4;0,6;0,0;
2411054;"Kuźnia Raciborska - miasto (4)";0,7;0,9;0,0;0,4;0,6;0,0;
2411072;"Pietrowice Wielkie (2)";1,3;1,3;1,3;0,0;0,0;0,0;
2411082;"Rudnik (2)";0,0;1,0;1,0;0,0;1,0;1,0;
2412000;"Powiat rybnicki";23,9;23,9;23,9;0,0;0,0;0,0;
2412013;"Czerwionka-Leszczyny (3)";23,9;23,9;23,9;0,0;0,0;0,0;
2412014;"Czerwionka-Leszczyny - miasto (4)";23,9;23,9;23,9;0,0;0,0;0,0;
2413000;"Powiat tarnogórski";4,7;2,6;2,6;4,7;2,6;2,6;
2413011;"Kalety (1)";0,0;0,3;0,3;0,0;0,3;0,3;
2413031;"Radzionków (1)";0,6;0,6;0,6;0,6;0,6;0,6;
2413041;"Tarnowskie Góry (1)";4,1;1,7;1,7;4,1;1,7;1,7;
2414000;"Powiat bieruńsko-lędziński";5,2;5,2;5,2;2,8;2,8;2,8;
2414011;"Bieruń (1)";2,6;2,6;2,6;2,6;2,6;2,6;
2414031;"Lędziny (1)";2,4;2,4;2,4;0,0;0,0;0,0;
2414052;"Chełm Śląski (2)";0,2;0,2;0,2;0,2;0,2;0,2;
2415000;"Powiat wodzisławski";0,9;1,9;5,9;0,9;1,9;5,9;
2415031;"Rydułtowy (1)";0,9;0,9;4,9;0,9;0,9;4,9;
2415041;"Wodzisław Śląski (1)";0,0;1,0;1,0;0,0;1,0;1,0;
2416000;"Powiat zawierciański";3,1;3,1;0,0;3,1;3,1;0,0;
2416063;"Ogrodzieniec (3)";3,0;3,0;0,0;3,0;3,0;0,0;
2416064;"Ogrodzieniec - miasto (4)";3,0;3,0;0,0;3,0;3,0;0,0;
2416073;"Pilica (3)";0,1;0,1;0,0;0,1;0,1;0,0;
2416075;"Pilica - obszar wiejski (5)";0,1;0,1;0,0;0,1;0,1;0,0;
2417000;"Powiat żywiecki";0,9;0,9;0,9;0,9;0,9;0,9;
2417011;"Żywiec (1)";0,4;0,4;0,4;0,4;0,4;0,4;
2417152;"Węgierska Górka (2)";0,5;0,5;0,5;0,5;0,5;0,5;
2461000;"Powiat m. Bielsko-Biała";11,5;12,2;12,2;8,2;9,8;9,8;
2461011;"Bielsko-Biała (1)";11,5;12,2;12,2;8,2;9,8;9,8;
2462000;"Powiat m. Bytom";6,3;6,0;5,4;6,3;6,0;5,4;
2462011;"Bytom (1)";6,3;6,0;5,4;6,3;6,0;5,4;
2463000;"Powiat m. Chorzów";50,0;49,6;48,7;47,4;47,0;46,2;
2463011;"Chorzów (1)";50,0;49,6;48,7;47,4;47,0;46,2;
2464000;"Powiat m. Częstochowa";23,1;22,3;22,2;7,6;6,8;6,8;
2464011;"Częstochowa (1)";23,1;22,3;22,2;7,6;6,8;6,8;
2465000;"Powiat m. Dąbrowa Górnicza";47,1;47,3;48,1;16,4;16,6;17,3;
2465011;"Dąbrowa Górnicza (1)";47,1;47,3;48,1;16,4;16,6;17,3;
2466000;"Powiat m. Gliwice";92,2;92,9;95,6;70,3;71,2;73,9;
2466011;"Gliwice (1)";92,2;92,9;95,6;70,3;71,2;73,9;
2467000;"Powiat m. Jastrzębie-Zdrój";0,7;0,7;0,7;0,7;0,7;0,7;
2467011;"Jastrzębie-Zdrój (1)";0,7;0,7;0,7;0,7;0,7;0,7;
2468000;"Powiat m. Jaworzno";30,0;28,9;57,8;0,0;0,0;0,0;
2468011;"Jaworzno (1)";30,0;28,9;57,8;0,0;0,0;0,0;
2469000;"Powiat m. Katowice";101,3;99,8;99,8;60,3;58,8;58,8;
2469011;"Katowice (1)";101,3;99,8;99,8;60,3;58,8;58,8;
2470000;"Powiat m. Mysłowice";17,7;17,1;16,0;11,7;11,1;10,0;
2470011;"Mysłowice (1)";17,7;17,1;16,0;11,7;11,1;10,0;
2471000;"Powiat m. Piekary Śląskie";1,1;1,7;2,3;1,1;1,7;2,3;
2471011;"Piekary Śląskie (1)";1,1;1,7;2,3;1,1;1,7;2,3;
2472000;"Powiat m. Ruda Śląska";158,1;155,6;155,0;33,6;31,1;31,1;
2472011;"Ruda Śląska (1)";158,1;155,6;155,0;33,6;31,1;31,1;
2473000;"Powiat m. Rybnik";94,2;92,6;92,6;89,8;87,7;88,2;
2473011;"Rybnik (1)";94,2;92,6;92,6;89,8;87,7;88,2;
2474000;"Powiat m. Siemianowice Śląskie";0,4;0,1;0,2;0,0;0,0;0,0;
2474011;"Siemianowice Śląskie (1)";0,4;0,1;0,2;0,0;0,0;0,0;
2475000;"Powiat m. Sosnowiec";38,3;14,1;13,4;3,6;3,5;3,5;
2475011;"Sosnowiec (1)";38,3;14,1;13,4;3,6;3,5;3,5;
2476000;"Powiat m. Świętochłowice";5,9;4,7;2,8;0,0;0,0;0,0;
2476011;"Świętochłowice (1)";5,9;4,7;2,8;0,0;0,0;0,0;
2477000;"Powiat m. Tychy";0,0;0,9;0,0;0,0;0,9;0,0;
2477011;"Tychy (1)";0,0;0,9;0,0;0,0;0,9;0,0;
2478000;"Powiat m. Zabrze";259,0;259,0;256,3;259,0;259,0;256,3;
2478011;"Zabrze (1)";259,0;259,0;256,3;259,0;259,0;256,3;
2479000;"Powiat m. Żory";7,0;5,8;4,3;3,0;1,8;1,4;
2479011;"Żory (1)";7,0;5,8;4,3;3,0;1,8;1,4;
2600000;"ŚWIĘTOKRZYSKIE";67,1;66,1;56,9;48,9;48,2;40,0;
2601000;"Powiat buski";1,3;1,3;0,2;1,3;1,3;0,2;
2601052;"Solec-Zdrój (2)";1,3;1,3;0,2;1,3;1,3;0,2;
2602000;"Powiat jędrzejowski";1,8;1,8;1,8;0,8;0,8;0,8;
2602023;"Jędrzejów (3)";1,2;1,2;1,2;0,2;0,2;0,2;
2602024;"Jędrzejów - miasto (4)";1,0;1,0;1,0;0,0;0,0;0,0;
2602025;"Jędrzejów - obszar wiejski (5)";0,2;0,2;0,2;0,2;0,2;0,2;
2602033;"Małogoszcz (3)";0,6;0,6;0,6;0,6;0,6;0,6;
2602035;"Małogoszcz - obszar wiejski (5)";0,6;0,6;0,6;0,6;0,6;0,6;
2604000;"Powiat kielecki";0,8;0,8;0,8;0,8;0,8;0,8;
2604162;"Raków (2)";0,8;0,8;0,8;0,8;0,8;0,8;
2605000;"Powiat konecki";7,3;6,9;1,7;6,7;6,3;1,1;
2605012;"Fałków (2)";5,6;5,2;0,0;5,6;5,2;0,0;
2605083;"Stąporków (3)";1,7;1,7;1,7;1,1;1,1;1,1;
2605084;"Stąporków - miasto (4)";1,1;1,1;1,1;1,1;1,1;1,1;
2605085;"Stąporków - obszar wiejski (5)";0,6;0,6;0,6;0,0;0,0;0,0;
2606000;"Powiat opatowski";1,6;1,6;1,6;1,6;1,6;1,6;
2606032;"Lipnik (2)";0,6;0,6;0,6;0,6;0,6;0,6;
2606043;"Opatów (3)";1,0;1,0;1,0;1,0;1,0;1,0;
2606044;"Opatów - miasto (4)";1,0;1,0;1,0;1,0;1,0;1,0;
2607000;"Powiat ostrowiecki";4,8;4,9;4,9;3,6;3,7;3,7;
2607011;"Ostrowiec Świętokrzyski (1)";4,3;4,4;4,4;3,1;3,2;3,2;
2607043;"Ćmielów (3)";0,5;0,5;0,5;0,5;0,5;0,5;
2607044;"Ćmielów - miasto (4)";0,5;0,5;0,5;0,5;0,5;0,5;
2608000;"Powiat pińczowski";1,1;1,1;0,9;0,0;0,0;0,0;
2608043;"Pińczów (3)";1,1;1,1;0,9;0,0;0,0;0,0;
2608044;"Pińczów - miasto (4)";1,1;1,1;0,9;0,0;0,0;0,0;
2609000;"Powiat sandomierski";4,1;4,1;2,9;1,7;1,7;1,0;
2609011;"Sandomierz (1)";3,2;3,2;2,2;0,9;0,9;0,4;
2609072;"Samborzec (2)";0,1;0,1;0,1;0,0;0,0;0,0;
2609093;"Zawichost (3)";0,8;0,8;0,6;0,8;0,8;0,6;
2609094;"Zawichost - miasto (4)";0,8;0,8;0,6;0,8;0,8;0,6;
2610000;"Powiat skarżyski";2,7;2,7;2,5;2,5;2,5;2,5;
2610011;"Skarżysko-Kamienna (1)";2,6;2,6;2,4;2,4;2,4;2,4;
2610022;"Bliżyn (2)";0,1;0,1;0,1;0,1;0,1;0,1;
2612000;"Powiat staszowski";7,0;6,7;6,1;2,3;2,3;1,8;
2612053;"Połaniec (3)";1,0;0,9;0,8;0,0;0,0;0,0;
2612054;"Połaniec - miasto (4)";1,0;0,9;0,8;0,0;0,0;0,0;
2612073;"Staszów (3)";6,0;5,8;5,3;2,3;2,3;1,8;
2612074;"Staszów - miasto (4)";6,0;5,8;5,3;2,3;2,3;1,8;
2661000;"Powiat m. Kielce";34,6;34,2;33,5;27,6;27,2;26,5;
2661011;"Kielce (1)";34,6;34,2;33,5;27,6;27,2;26,5;
2800000;"WARMIŃSKO-MAZURSKIE";386,2;383,3;380,1;114,2;114,1;114,2;
2801000;"Powiat bartoszycki";42,0;42,0;42,0;7,1;6,9;6,9;
2801011;"Bartoszyce (1)";6,5;6,5;6,5;0,8;0,8;0,8;
2801021;"Górowo Iławeckie (1)";7,8;7,8;7,8;3,0;2,8;2,8;
2801043;"Bisztynek (3)";3,0;3,0;3,0;0,0;0,0;0,0;
2801044;"Bisztynek - miasto (4)";3,0;3,0;3,0;0,0;0,0;0,0;
2801052;"Górowo Iławeckie (2)";15,0;15,0;15,0;3,0;3,0;3,0;
2801063;"Sępopol (3)";9,7;9,7;9,7;0,3;0,3;0,3;
2801064;"Sępopol - miasto (4)";9,4;9,4;9,4;0,0;0,0;0,0;
2801065;"Sępopol - obszar wiejski (5)";0,3;0,3;0,3;0,3;0,3;0,3;
2802000;"Powiat braniewski";21,2;19,9;19,9;13,1;12,5;12,5;
2802011;"Braniewo (1)";19,6;19,6;19,6;12,2;12,2;12,2;
2802033;"Frombork (3)";0,8;0,1;0,1;0,1;0,1;0,1;
2802034;"Frombork - miasto (4)";0,8;0,1;0,1;0,1;0,1;0,1;
2802053;"Pieniężno (3)";0,8;0,2;0,2;0,8;0,2;0,2;
2802054;"Pieniężno - miasto (4)";0,8;0,2;0,2;0,8;0,2;0,2;
2803000;"Powiat działdowski";0,9;0,9;0,9;0,9;0,9;0,9;
2803011;"Działdowo (1)";0,7;0,7;0,7;0,7;0,7;0,7;
2803032;"Iłowo-Osada (2)";0,2;0,2;0,2;0,2;0,2;0,2;
2804000;"Powiat elbląski";11,1;10,7;10,7;9,2;8,8;8,8;
2804052;"Milejewo (2)";1,7;1,7;1,7;0,0;0,0;0,0;
2804063;"Młynary (3)";0,5;0,5;0,5;0,5;0,5;0,5;
2804064;"Młynary - miasto (4)";0,5;0,5;0,5;0,5;0,5;0,5;
2804073;"Pasłęk (3)";8,5;8,5;8,5;8,3;8,3;8,3;
2804074;"Pasłęk - miasto (4)";8,5;8,5;8,5;8,3;8,3;8,3;
2804093;"Tolkmicko (3)";0,4;0,0;0,0;0,4;0,0;0,0;
2804094;"Tolkmicko - miasto (4)";0,4;0,0;0,0;0,4;0,0;0,0;
2805000;"Powiat ełcki";46,3;46,0;46,0;15,5;15,2;15,2;
2805011;"Ełk (1)";40,5;40,2;40,2;13,3;13,0;13,0;
2805022;"Ełk (2)";5,7;5,7;5,7;2,2;2,2;2,2;
2805052;"Stare Juchy (2)";0,1;0,1;0,1;0,0;0,0;0,0;
2806000;"Powiat giżycki";7,0;6,0;5,9;3,7;4,6;4,6;
2806011;"Giżycko (1)";4,0;3,8;3,7;2,9;2,8;2,8;
2806052;"Kruklanki (2)";1,8;1,8;1,8;0,0;1,8;1,8;
2806083;"Ryn (3)";0,4;0,4;0,4;0,0;0,0;0,0;
2806084;"Ryn - miasto (4)";0,4;0,4;0,4;0,0;0,0;0,0;
2806102;"Wydminy (2)";0,8;0,0;0,0;0,8;0,0;0,0;
2807000;"Powiat iławski";1,1;1,4;1,4;1,1;1,1;1,1;
2807011;"Iława (1)";0,0;0,3;0,3;0,0;0,0;0,0;
2807032;"Iława (2)";1,0;1,0;1,0;1,0;1,0;1,0;
2807043;"Kisielice (3)";0,1;0,1;0,1;0,1;0,1;0,1;
2807044;"Kisielice - miasto (4)";0,1;0,1;0,1;0,1;0,1;0,1;
2808000;"Powiat kętrzyński";9,6;9,3;9,3;2,9;2,5;2,5;
2808011;"Kętrzyn (1)";2,2;1,9;1,9;0,8;0,4;0,4;
2808022;"Barciany (2)";1,0;1,0;1,0;0,0;0,0;0,0;
2808043;"Korsze (3)";6,4;6,4;6,4;2,1;2,1;2,1;
2808044;"Korsze - miasto (4)";6,4;6,4;6,4;2,1;2,1;2,1;
2809000;"Powiat lidzbarski";9,9;9,9;3,8;1,0;1,0;1,0;
2809011;"Lidzbark Warmiński (1)";9,9;9,9;3,8;1,0;1,0;1,0;
2810000;"Powiat mrągowski";6,0;5,5;5,5;3,2;2,7;2,7;
2810011;"Mrągowo (1)";6,0;5,5;5,5;3,2;2,7;2,7;
2811000;"Powiat nidzicki";7,3;7,3;7,0;0,0;0,0;0,0;
2811043;"Nidzica (3)";7,3;7,3;7,0;0,0;0,0;0,0;
2811044;"Nidzica - miasto (4)";7,3;7,3;7,0;0,0;0,0;0,0;
2812000;"Powiat nowomiejski";4,2;3,9;2,3;3,8;3,8;2,3;
2812022;"Biskupiec (2)";0,3;0,0;0,0;0,0;0,0;0,0;
2812032;"Grodziczno (2)";2,3;2,3;2,3;2,3;2,3;2,3;
2812042;"Kurzętnik (2)";1,6;1,6;0,0;1,5;1,5;0,0;
2813000;"Powiat olecki";2,9;2,8;2,8;0,1;0,0;0,0;
2813032;"Kowale Oleckie (2)";2,8;2,8;2,8;0,0;0,0;0,0;
2813043;"Olecko (3)";0,1;0,0;0,0;0,1;0,0;0,0;
2813044;"Olecko - miasto (4)";0,1;0,0;0,0;0,1;0,0;0,0;
2814000;"Powiat olsztyński";14,5;14,4;15,0;6,5;6,4;6,3;
2814023;"Biskupiec (3)";5,2;5,2;4,9;3,2;3,2;2,9;
2814024;"Biskupiec - miasto (4)";1,3;1,3;1,0;1,3;1,3;1,0;
2814025;"Biskupiec - obszar wiejski (5)";3,9;3,9;3,9;1,9;1,9;1,9;
2814033;"Dobre Miasto (3)";0,3;0,2;0,2;0,3;0,2;0,2;
2814034;"Dobre Miasto - miasto (4)";0,3;0,2;0,2;0,3;0,2;0,2;
2814052;"Gietrzwałd (2)";0,7;0,7;0,7;0,7;0,7;0,7;
2814063;"Jeziorany (3)";0,0;0,0;0,7;0,0;0,0;0,0;
2814064;"Jeziorany - miasto (4)";0,0;0,0;0,7;0,0;0,0;0,0;
2814093;"Olsztynek (3)";8,3;8,3;8,3;2,3;2,3;2,3;
2814094;"Olsztynek - miasto (4)";8,3;8,3;8,3;2,3;2,3;2,3;
2814102;"Purda (2)";0,0;0,0;0,2;0,0;0,0;0,2;
2815000;"Powiat ostródzki";1,8;3,6;5,2;1,0;2,8;4,4;
2815011;"Ostróda (1)";0,8;0,8;0,7;0,8;0,8;0,7;
2815073;"Miłomłyn (3)";0,8;0,8;0,8;0,0;0,0;0,0;
2815074;"Miłomłyn - miasto (4)";0,8;0,8;0,8;0,0;0,0;0,0;
2815083;"Morąg (3)";0,2;2,0;3,7;0,2;2,0;3,7;
2815084;"Morąg - miasto (4)";0,2;2,0;3,7;0,2;2,0;3,7;
2816000;"Powiat piski";148,5;148,1;149,0;21,8;21,4;21,4;
2816013;"Biała Piska (3)";0,0;0,0;1,3;0,0;0,0;0,0;
2816014;"Biała Piska - miasto (4)";0,0;0,0;1,3;0,0;0,0;0,0;
2816023;"Orzysz (3)";13,2;12,8;12,8;13,2;12,8;12,8;
2816024;"Orzysz - miasto (4)";13,2;12,8;12,8;13,2;12,8;12,8;
2816033;"Pisz (3)";126,7;126,7;126,3;0,0;0,0;0,0;
2816034;"Pisz - miasto (4)";126,7;126,7;126,3;0,0;0,0;0,0;
2816043;"Ruciane-Nida (3)";8,6;8,6;8,6;8,6;8,6;8,6;
2816044;"Ruciane-Nida - miasto (4)";5,8;5,8;5,8;5,8;5,8;5,8;
2816045;"Ruciane-Nida - obszar wiejski (5)";2,8;2,8;2,8;2,8;2,8;2,8;
2817000;"Powiat szczycieński";4,2;4,2;3,9;2,4;2,4;2,4;
2817011;"Szczytno (1)";2,7;2,7;2,4;2,4;2,4;2,4;
2817083;"Wielbark (3)";1,5;1,5;1,5;0,0;0,0;0,0;
2817084;"Wielbark - miasto (4)";1,5;1,5;1,5;0,0;0,0;0,0;
2818000;"Powiat gołdapski";23,4;23,4;23,4;2,0;2,0;2,0;
2818033;"Gołdap (3)";23,4;23,4;23,4;2,0;2,0;2,0;
2818034;"Gołdap - miasto (4)";23,4;23,4;23,4;2,0;2,0;2,0;
2819000;"Powiat węgorzewski";1,8;1,8;1,9;0,5;0,5;0,6;
2819033;"Węgorzewo (3)";1,8;1,8;1,9;0,5;0,5;0,6;
2819034;"Węgorzewo - miasto (4)";1,8;1,8;1,9;0,5;0,5;0,6;
2861000;"Powiat m. Elbląg";7,3;6,9;8,9;3,2;3,3;3,3;
2861011;"Elbląg (1)";7,3;6,9;8,9;3,2;3,3;3,3;
2862000;"Powiat m. Olsztyn";15,2;15,3;15,3;15,2;15,3;15,3;
2862011;"Olsztyn (1)";15,2;15,3;15,3;15,2;15,3;15,3;
3000000;"WIELKOPOLSKIE";168,7;180,2;170,4;99,6;68,7;67,9;
3001000;"Powiat chodzieski";1,5;1,5;1,4;0,9;0,9;0,8;
3001011;"Chodzież (1)";0,2;0,2;0,2;0,1;0,1;0,1;
3001022;"Budzyń (2)";0,5;;;0,5;;;
3001023;"Budzyń (3)";;0,5;0,4;;0,5;0,4;
3001024;"Budzyń - miasto (4)";;0,5;0,4;;0,5;0,4;
3001043;"Margonin (3)";0,8;0,8;0,8;0,3;0,3;0,3;
3001044;"Margonin - miasto (4)";0,8;0,8;0,8;0,3;0,3;0,3;
3002000;"Powiat czarnkowsko-trzcianecki";4,2;4,0;4,0;1,3;1,3;1,3;
3002011;"Czarnków (1)";3,0;2,8;2,8;0,4;0,4;0,4;
3002032;"Drawsko (2)";0,1;0,1;0,1;0,1;0,1;0,1;
3002043;"Krzyż Wielkopolski (3)";0,8;0,8;0,8;0,8;0,8;0,8;
3002044;"Krzyż Wielkopolski - miasto (4)";0,8;0,8;0,8;0,8;0,8;0,8;
3002062;"Połajewo (2)";0,3;0,3;0,3;0,0;0,0;0,0;
3003000;"Powiat gnieźnieński";12,6;11,6;12,0;2,0;2,0;2,0;
3003011;"Gniezno (1)";8,6;7,6;8,0;0,0;0,0;0,0;
3003093;"Trzemeszno (3)";2,0;2,0;2,0;0,0;0,0;0,0;
3003094;"Trzemeszno - miasto (4)";2,0;2,0;2,0;0,0;0,0;0,0;
3003103;"Witkowo (3)";2,0;2,0;2,0;2,0;2,0;2,0;
3003104;"Witkowo - miasto (4)";2,0;2,0;2,0;2,0;2,0;2,0;
3004000;"Powiat gostyński";2,9;1,4;1,4;0,0;0,0;0,0;
3004023;"Gostyń (3)";1,4;1,4;1,4;0,0;0,0;0,0;
3004024;"Gostyń - miasto (4)";1,4;1,4;1,4;0,0;0,0;0,0;
3004073;"Poniec (3)";1,5;0,0;0,0;0,0;0,0;0,0;
3004074;"Poniec - miasto (4)";1,5;0,0;0,0;0,0;0,0;0,0;
3006000;"Powiat jarociński";3,1;2,8;2,8;0,6;0,6;0,6;
3006023;"Jarocin (3)";3,1;2,8;2,8;0,6;0,6;0,6;
3006024;"Jarocin - miasto (4)";3,1;2,8;2,8;0,6;0,6;0,6;
3007000;"Powiat kaliski";5,9;5,9;5,9;4,0;4,0;4,0;
3007012;"Blizanów (2)";1,9;1,9;1,9;0,0;0,0;0,0;
3007093;"Stawiszyn (3)";4,0;4,0;4,0;4,0;4,0;4,0;
3007094;"Stawiszyn - miasto (4)";2,0;2,0;2,0;2,0;2,0;2,0;
3007095;"Stawiszyn - obszar wiejski (5)";2,0;2,0;2,0;2,0;2,0;2,0;
3008000;"Powiat kępiński";3,3;2,8;1,8;3,3;2,8;1,8;
3008033;"Kępno (3)";3,1;2,6;1,6;3,1;2,6;1,6;
3008034;"Kępno - miasto (4)";1,5;1,0;0,0;1,5;1,0;0,0;
3008035;"Kępno - obszar wiejski (5)";1,6;1,6;1,6;1,6;1,6;1,6;
3008052;"Perzów (2)";0,2;0,2;0,2;0,2;0,2;0,2;
3009000;"Powiat kolski";0,0;0,0;0,5;0,0;0,0;0,5;
3009063;"Kłodawa (3)";0,0;0,0;0,5;0,0;0,0;0,5;
3009064;"Kłodawa - miasto (4)";0,0;0,0;0,5;0,0;0,0;0,5;
3010000;"Powiat koniński";1,4;1,4;1,4;0,8;0,8;0,8;
3010132;"Wierzbinek (2)";1,4;1,4;1,4;0,8;0,8;0,8;
3011000;"Powiat kościański";0,1;0,7;0,7;0,1;0,0;0,7;
3011023;"Czempiń (3)";0,1;0,7;0,7;0,1;0,0;0,7;
3011024;"Czempiń - miasto (4)";0,1;0,7;0,7;0,1;0,0;0,7;
3012000;"Powiat krotoszyński";0,7;0,7;3,1;0,5;0,5;2,9;
3012023;"Kobylin (3)";0,0;0,0;2,4;0,0;0,0;2,4;
3012024;"Kobylin - miasto (4)";0,0;0,0;2,4;0,0;0,0;2,4;
3012043;"Krotoszyn (3)";0,2;0,2;0,2;0,0;0,0;0,0;
3012044;"Krotoszyn - miasto (4)";0,2;0,2;0,2;0,0;0,0;0,0;
3012052;"Rozdrażew (2)";0,5;0,5;0,5;0,5;0,5;0,5;
3014000;"Powiat międzychodzki";0,8;0,8;0,5;0,6;0,6;0,3;
3014033;"Międzychód (3)";0,5;0,5;0,5;0,3;0,3;0,3;
3014034;"Międzychód - miasto (4)";0,5;0,5;0,5;0,3;0,3;0,3;
3014043;"Sieraków (3)";0,3;0,3;0,0;0,3;0,3;0,0;
3014044;"Sieraków - miasto (4)";0,3;0,3;0,0;0,3;0,3;0,0;
3015000;"Powiat nowotomyski";10,9;10,8;12,1;5,8;5,7;7,0;
3015023;"Lwówek (3)";0,8;0,8;0,8;0,8;0,8;0,8;
3015024;"Lwówek - miasto (4)";0,8;0,8;0,8;0,8;0,8;0,8;
3015043;"Nowy Tomyśl (3)";9,1;9,1;9,1;4,0;4,0;4,0;
3015044;"Nowy Tomyśl - miasto (4)";4,0;4,0;4,0;4,0;4,0;4,0;
3015045;"Nowy Tomyśl - obszar wiejski (5)";5,1;5,1;5,1;0,0;0,0;0,0;
3015053;"Opalenica (3)";0,2;0,1;0,1;0,2;0,1;0,1;
3015054;"Opalenica - miasto (4)";0,2;0,1;0,1;0,2;0,1;0,1;
3015063;"Zbąszyń (3)";0,8;0,8;2,1;0,8;0,8;2,1;
3015064;"Zbąszyń - miasto (4)";0,8;0,8;0,8;0,8;0,8;0,8;
3015065;"Zbąszyń - obszar wiejski (5)";0,0;0,0;1,3;0,0;0,0;1,3;
3016000;"Powiat obornicki";1,7;1,7;0,9;1,7;1,7;0,9;
3016023;"Rogoźno (3)";1,7;1,7;0,9;1,7;1,7;0,9;
3016024;"Rogoźno - miasto (4)";1,7;1,7;0,9;1,7;1,7;0,9;
3017000;"Powiat ostrowski";0,4;0,4;0,5;0,4;0,4;0,4;
3017023;"Nowe Skalmierzyce (3)";0,0;0,0;0,1;0,0;0,0;0,0;
3017024;"Nowe Skalmierzyce - miasto (4)";0,0;0,0;0,1;0,0;0,0;0,0;
3017052;"Przygodzice (2)";0,4;0,4;0,4;0,4;0,4;0,4;
3018000;"Powiat ostrzeszowski";2,2;2,2;2,0;0,4;0,4;0,4;
3018042;"Kobyla Góra (2)";0,4;0,4;0,4;0,4;0,4;0,4;
3018073;"Ostrzeszów (3)";1,8;1,8;1,6;0,0;0,0;0,0;
3018074;"Ostrzeszów - miasto (4)";0,7;0,7;0,6;0,0;0,0;0,0;
3018075;"Ostrzeszów - obszar wiejski (5)";1,1;1,1;1,0;0,0;0,0;0,0;
3019000;"Powiat pilski";23,7;23,8;23,4;9,0;9,0;9,0;
3019011;"Piła (1)";22,3;22,3;21,9;7,9;7,9;7,9;
3019073;"Ujście (3)";1,4;1,4;1,4;1,1;1,1;1,1;
3019074;"Ujście - miasto (4)";1,4;1,4;1,4;1,1;1,1;1,1;
3019083;"Wyrzysk (3)";0,0;0,1;0,1;0,0;0,0;0,0;
3019084;"Wyrzysk - miasto (4)";0,0;0,1;0,1;0,0;0,0;0,0;
3020000;"Powiat pleszewski";0,1;0,1;0,1;0,1;0,1;0,1;
3020052;"Gołuchów (2)";0,1;0,1;0,1;0,1;0,1;0,1;
3021000;"Powiat poznański";21,1;20,4;22,1;13,7;13,1;13,1;
3021042;"Czerwonak (2)";12,5;11,9;11,9;12,5;11,9;11,9;
3021072;"Komorniki (2)";1,6;1,6;1,6;0,0;0,0;0,0;
3021103;"Mosina (3)";2,4;2,4;2,4;0,0;0,0;0,0;
3021104;"Mosina - miasto (4)";2,4;2,4;2,4;0,0;0,0;0,0;
3021113;"Murowana Goślina (3)";0,1;0,0;0,0;0,0;0,0;0,0;
3021114;"Murowana Goślina - miasto (4)";0,1;0,0;0,0;0,0;0,0;0,0;
3021123;"Pobiedziska (3)";3,3;3,3;3,3;0,0;0,0;0,0;
3021124;"Pobiedziska - miasto (4)";3,3;3,3;3,3;0,0;0,0;0,0;
3021143;"Stęszew (3)";0,0;0,0;1,7;0,0;0,0;0,0;
3021144;"Stęszew - miasto (4)";0,0;0,0;1,7;0,0;0,0;0,0;
3021152;"Suchy Las (2)";0,7;0,7;0,7;0,7;0,7;0,7;
3021172;"Tarnowo Podgórne (2)";0,5;0,5;0,5;0,5;0,5;0,5;
3022000;"Powiat rawicki";0,3;0,0;0,0;0,0;0,0;0,0;
3022053;"Rawicz (3)";0,3;0,0;0,0;0,0;0,0;0,0;
3022054;"Rawicz - miasto (4)";0,3;0,0;0,0;0,0;0,0;0,0;
3023000;"Powiat słupecki";0,9;0,5;0,5;0,5;0,5;0,5;
3023062;"Słupca (2)";0,9;0,5;0,5;0,5;0,5;0,5;
3024000;"Powiat szamotulski";0,5;0,5;0,3;0,5;0,5;0,3;
3024032;"Kaźmierz (2)";0,2;0,2;0,0;0,2;0,2;0,0;
3024073;"Szamotuły (3)";0,3;0,3;0,3;0,3;0,3;0,3;
3024074;"Szamotuły - miasto (4)";0,3;0,3;0,3;0,3;0,3;0,3;
3026000;"Powiat śremski";1,3;1,3;1,1;0,0;0,0;0,0;
3026043;"Śrem (3)";1,3;1,3;1,1;0,0;0,0;0,0;
3026044;"Śrem - miasto (4)";1,3;1,3;1,1;0,0;0,0;0,0;
3027000;"Powiat turecki";7,3;7,3;7,3;7,3;7,3;7,3;
3027011;"Turek (1)";7,3;7,3;7,3;7,3;7,3;7,3;
3028000;"Powiat wągrowiecki";7,6;7,6;6,8;7,2;7,2;6,4;
3028022;"Damasławek (2)";0,4;0,4;0,4;0,0;0,0;0,0;
3028033;"Gołańcz (3)";5,0;5,0;5,0;5,0;5,0;5,0;
3028034;"Gołańcz - miasto (4)";5,0;5,0;5,0;5,0;5,0;5,0;
3028053;"Skoki (3)";2,2;2,2;1,4;2,2;2,2;1,4;
3028054;"Skoki - miasto (4)";2,2;2,2;1,4;2,2;2,2;1,4;
3030000;"Powiat wrzesiński";0,2;0,2;0,2;0,0;0,0;0,0;
3030053;"Września (3)";0,2;0,2;0,2;0,0;0,0;0,0;
3030054;"Września - miasto (4)";0,2;0,2;0,2;0,0;0,0;0,0;
3031000;"Powiat złotowski";13,2;14,5;14,1;2,3;2,8;2,8;
3031011;"Złotów (1)";0,4;0,4;0,0;0,0;0,0;0,0;
3031023;"Jastrowie (3)";1,0;1,0;1,0;1,0;1,0;1,0;
3031024;"Jastrowie - miasto (4)";1,0;1,0;1,0;1,0;1,0;1,0;
3031033;"Krajenka (3)";11,7;11,3;11,3;1,2;1,2;1,2;
3031034;"Krajenka - miasto (4)";11,7;11,3;11,3;1,2;1,2;1,2;
3031042;"Lipka (2)";0,1;0,3;0,3;0,1;0,3;0,3;
3031053;"Okonek (3)";0,0;1,5;1,5;0,0;0,3;0,3;
3031054;"Okonek - miasto (4)";0,0;1,5;1,5;0,0;0,3;0,3;
3061000;"Powiat m. Kalisz";1,0;1,3;0,9;0,7;1,3;0,4;
3061011;"Kalisz (1)";1,0;1,3;0,9;0,7;1,3;0,4;
3062000;"Powiat m. Konin";5,2;2,8;2,8;1,3;1,3;1,3;
3062011;"Konin (1)";5,2;2,8;2,8;1,3;1,3;1,3;
3063000;"Powiat m. Leszno";4,2;16,0;13,4;4,2;3,9;2,3;
3063011;"Leszno (1)";4,2;16,0;13,4;4,2;3,9;2,3;
3064000;"Powiat m. Poznań";30,4;35,2;26,4;30,4;0,0;0,0;
3064011;"Poznań (1)";30,4;35,2;26,4;30,4;0,0;0,0;
3200000;"ZACHODNIOPOMORSKIE";449,1;476,4;499,8;283,0;297,3;299,7;
3201000;"Powiat białogardzki";5,6;5,6;5,6;1,7;1,7;1,7;
3201033;"Karlino (3)";5,6;5,6;5,6;1,7;1,7;1,7;
3201034;"Karlino - miasto (4)";5,6;5,6;5,6;1,7;1,7;1,7;
3202000;"Powiat choszczeński";18,9;17,9;15,1;0,0;0,0;0,0;
3202023;"Choszczno (3)";16,8;15,8;13,0;0,0;0,0;0,0;
3202024;"Choszczno - miasto (4)";16,8;15,8;13,0;0,0;0,0;0,0;
3202063;"Recz (3)";2,1;2,1;2,1;0,0;0,0;0,0;
3202064;"Recz - miasto (4)";2,1;2,1;2,1;0,0;0,0;0,0;
3203000;"Powiat drawski";20,1;20,1;20,1;9,0;9,0;9,0;
3203013;"Czaplinek (3)";2,2;2,2;2,2;1,9;1,9;1,9;
3203014;"Czaplinek - miasto (4)";2,2;2,2;2,2;1,9;1,9;1,9;
3203023;"Drawsko Pomorskie (3)";2,3;2,3;2,3;2,3;2,3;2,3;
3203024;"Drawsko Pomorskie - miasto (4)";2,3;2,3;2,3;2,3;2,3;2,3;
3203033;"Kalisz Pomorski (3)";4,2;4,2;4,2;4,2;4,2;4,2;
3203034;"Kalisz Pomorski - miasto (4)";4,2;4,2;4,2;4,2;4,2;4,2;
3203063;"Złocieniec (3)";11,4;11,4;11,4;0,6;0,6;0,6;
3203064;"Złocieniec - miasto (4)";11,4;11,4;11,4;0,6;0,6;0,6;
3204000;"Powiat goleniowski";19,9;19,9;19,9;5,8;5,8;5,8;
3204023;"Goleniów (3)";6,5;6,5;6,5;0,0;0,0;0,0;
3204024;"Goleniów - miasto (4)";6,5;6,5;6,5;0,0;0,0;0,0;
3204062;"Przybiernów (2)";12,8;12,8;12,8;5,2;5,2;5,2;
3204073;"Stepnica (3)";0,6;0,6;0,6;0,6;0,6;0,6;
3204074;"Stepnica - miasto (4)";0,6;0,6;0,6;0,6;0,6;0,6;
3205000;"Powiat gryficki";31,7;31,7;25,3;9,1;9,1;6,3;
3205023;"Gryfice (3)";7,9;7,9;7,9;2,3;2,3;2,3;
3205024;"Gryfice - miasto (4)";7,9;7,9;7,9;2,3;2,3;2,3;
3205083;"Trzebiatów (3)";23,8;23,8;17,4;6,8;6,8;4,0;
3205084;"Trzebiatów - miasto (4)";18,2;18,2;14,9;4,5;4,5;2,8;
3205085;"Trzebiatów - obszar wiejski (5)";5,6;5,6;2,5;2,3;2,3;1,2;
3206000;"Powiat gryfiński";21,2;21,2;18,2;4,2;4,2;4,2;
3206033;"Chojna (3)";19,0;19,0;16,0;2,0;2,0;2,0;
3206034;"Chojna - miasto (4)";19,0;19,0;16,0;2,0;2,0;2,0;
3206043;"Gryfino (3)";1,3;1,3;1,3;1,3;1,3;1,3;
3206044;"Gryfino - miasto (4)";1,3;1,3;1,3;1,3;1,3;1,3;
3206053;"Mieszkowice (3)";0,9;0,9;0,9;0,9;0,9;0,9;
3206054;"Mieszkowice - miasto (4)";0,9;0,9;0,9;0,9;0,9;0,9;
3207000;"Powiat kamieński";2,9;2,7;2,7;2,3;2,1;2,1;
3207023;"Golczewo (3)";0,7;0,7;0,7;0,3;0,3;0,3;
3207024;"Golczewo - miasto (4)";0,7;0,7;0,7;0,3;0,3;0,3;
3207033;"Kamień Pomorski (3)";0,2;0,2;0,2;0,0;0,0;0,0;
3207035;"Kamień Pomorski - obszar wiejski (5)";0,2;0,2;0,2;0,0;0,0;0,0;
3207043;"Międzyzdroje (3)";2,0;1,8;1,8;2,0;1,8;1,8;
3207044;"Międzyzdroje - miasto (4)";2,0;1,8;1,8;2,0;1,8;1,8;
3208000;"Powiat kołobrzeski";2,6;2,2;11,7;0,0;0,0;0,0;
3208011;"Kołobrzeg (1)";0,6;0,2;1,1;0,0;0,0;0,0;
3208042;"Kołobrzeg (2)";2,0;2,0;10,6;0,0;0,0;0,0;
3209000;"Powiat koszaliński";10,7;10,7;10,7;10,7;10,7;10,7;
3209033;"Bobolice (3)";3,5;3,5;3,5;3,5;3,5;3,5;
3209034;"Bobolice - miasto (4)";3,5;3,5;3,5;3,5;3,5;3,5;
3209063;"Polanów (3)";7,2;7,2;7,2;7,2;7,2;7,2;
3209064;"Polanów - miasto (4)";7,2;7,2;7,2;7,2;7,2;7,2;
3210000;"Powiat myśliborski";14,4;13,9;13,9;10,7;10,2;10,2;
3210013;"Barlinek (3)";3,7;3,7;3,7;0,0;0,0;0,0;
3210014;"Barlinek - miasto (4)";3,7;3,7;3,7;0,0;0,0;0,0;
3210033;"Dębno (3)";9,4;8,9;8,9;9,4;8,9;8,9;
3210034;"Dębno - miasto (4)";9,0;8,5;8,5;9,0;8,5;8,5;
3210035;"Dębno - obszar wiejski (5)";0,4;0,4;0,4;0,4;0,4;0,4;
3210043;"Myślibórz (3)";1,3;1,3;1,3;1,3;1,3;1,3;
3210044;"Myślibórz - miasto (4)";1,3;1,3;1,3;1,3;1,3;1,3;
3211000;"Powiat policki";9,4;9,1;8,9;7,4;7,1;6,9;
3211043;"Police (3)";9,4;9,1;8,9;7,4;7,1;6,9;
3211044;"Police - miasto (4)";9,4;9,1;8,9;7,4;7,1;6,9;
3212000;"Powiat pyrzycki";13,8;13,8;13,8;1,1;1,1;0,0;
3212022;"Kozielice (2)";1,1;1,1;1,1;1,1;1,1;0,0;
3212033;"Lipiany (3)";12,7;12,7;12,7;0,0;0,0;0,0;
3212034;"Lipiany - miasto (4)";11,1;11,1;11,1;0,0;0,0;0,0;
3212035;"Lipiany - obszar wiejski (5)";1,6;1,6;1,6;0,0;0,0;0,0;
3213000;"Powiat sławieński";4,2;4,7;5,3;1,3;4,7;3,3;
3213011;"Darłowo (1)";3,9;4,4;5,0;1,0;4,4;3,0;
3213042;"Malechowo (2)";0,3;0,3;0,3;0,3;0,3;0,3;
3214000;"Powiat stargardzki";2,5;12,9;11,7;1,3;1,3;1,3;
3214011;"Stargard (1)";0,1;10,5;10,4;0,0;0,0;0,0;
3214033;"Dobrzany (3)";1,3;1,3;1,3;1,3;1,3;1,3;
3214034;"Dobrzany - miasto (4)";1,3;1,3;1,3;1,3;1,3;1,3;
3214113;"Suchań (3)";1,1;1,1;0,0;0,0;0,0;0,0;
3214114;"Suchań - miasto (4)";1,1;1,1;0,0;0,0;0,0;0,0;
3215000;"Powiat szczecinecki";39,0;38,3;37,3;38,0;37,5;36,5;
3215011;"Szczecinek (1)";31,3;30,6;29,8;31,3;30,6;29,8;
3215023;"Barwice (3)";4,3;4,3;4,3;4,3;4,3;4,3;
3215024;"Barwice - miasto (4)";4,3;4,3;4,3;4,3;4,3;4,3;
3215033;"Biały Bór (3)";0,2;0,2;0,0;0,0;0,2;0,0;
3215034;"Biały Bór - miasto (4)";0,2;0,2;0,0;0,0;0,2;0,0;
3215043;"Borne Sulinowo (3)";3,2;3,2;3,2;2,4;2,4;2,4;
3215044;"Borne Sulinowo - miasto (4)";3,2;3,2;3,2;2,4;2,4;2,4;
3216000;"Powiat świdwiński";20,1;20,1;19,6;3,4;3,4;2,9;
3216011;"Świdwin (1)";1,5;1,5;1,0;1,5;1,5;1,0;
3216033;"Połczyn-Zdrój (3)";18,6;18,6;18,6;1,9;1,9;1,9;
3216034;"Połczyn-Zdrój - miasto (4)";18,6;18,6;18,6;1,9;1,9;1,9;
3217000;"Powiat wałecki";5,2;5,2;5,4;2,9;2,9;3,1;
3217011;"Wałcz (1)";2,4;2,4;3,1;2,4;2,4;3,1;
3217033;"Mirosławiec (3)";2,3;2,3;2,3;0,0;0,0;0,0;
3217034;"Mirosławiec - miasto (4)";2,3;2,3;2,3;0,0;0,0;0,0;
3217052;"Wałcz (2)";0,5;0,5;0,0;0,5;0,5;0,0;
3218000;"Powiat łobeski";1,5;1,5;1,5;1,5;1,5;1,5;
3218053;"Węgorzyno (3)";1,5;1,5;1,5;1,5;1,5;1,5;
3218054;"Węgorzyno - miasto (4)";1,5;1,5;1,5;1,5;1,5;1,5;
3261000;"Powiat m. Koszalin";58,5;57,9;57,7;58,5;57,9;57,6;
3261011;"Koszalin (1)";58,5;57,9;57,7;58,5;57,9;57,6;
3262000;"Powiat m. Szczecin";143,6;163,7;192,2;113,8;126,8;136,3;
3262011;"Szczecin (1)";143,6;163,7;192,2;113,8;126,8;136,3;
3263000;"Powiat m. Świnoujście";3,3;3,3;3,2;0,3;0,3;0,3;
3263011;"Świnoujście (1)";3,3;3,3;3,2;0,3;0,3;0,3;
